date,location,address,appts,vaccine
Multiple Dates,<a href='https://www.cvs.com/immunizations/covid-19-vaccine' target='_blank'><strong>CVS Pharmacy</strong></a>,"1801 E Parks Hwy, Wasilla 99654",Available,check provider
Multiple Dates,<a href='https://www.cvs.com/immunizations/covid-19-vaccine' target='_blank'><strong>CVS Pharmacy</strong></a>,"1200 N Muldoon Rd, Anchorage 99504",Available,check provider
Multiple Dates,<a href='https://www.cvs.com/immunizations/covid-19-vaccine' target='_blank'><strong>CVS Pharmacy</strong></a>,"150 W 100th Ave, Anchorage 99515",Available,check provider
Multiple Dates,<a href='https://www.carrsqc.com/pharmacy/covid-19.html' target='_blank'><strong>Soldotna Safeway</strong></a>,"44428 Sterling Hwy Soldotna, 99669",Walk-in only,Pfizer
Multiple Dates,<a href='https://www.carrsqc.com/pharmacy/covid-19.html' target='_blank'><strong>Carrs - Midtown</strong></a>,"2920 Seward Hwy, Anchorage, 99503",Walk-in only,Moderna/Johnson & Johnson
Multiple Dates,<a href='https://www.carrsqc.com/pharmacy/covid-19.html' target='_blank'><strong>Kodiak Safeway</strong></a>,"2685 Mill Bay Rd Kodiak, 99615",Walk-in only,Moderna/Johnson & Johnson
Multiple Dates,<a href='https://www.carrsqc.com/pharmacy/covid-19.html' target='_blank'><strong>Carrs - Palmer</strong></a>,"664 W Evergreen Ave Palmer, 99645",Walk-in only,Pfizer/Johnson & Johnson
Multiple Dates,<a href='https://www.carrsqc.com/pharmacy/covid-19.html' target='_blank'><strong>Carrs - Gambell</strong></a>,"1340 Gambell St, Anchorage, 99501",Walk-in only,Moderna/Johnson & Johnson
Multiple Dates,<a href='https://www.carrsqc.com/pharmacy/covid-19.html' target='_blank'><strong>Carrs - W Northern Lights Carrs</strong></a>,"1650 W Nthrn Lights Blvd Anchorage, AK",Walk-in only,Moderna/Johnson & Johnson
Multiple Dates,<a href='https://www.carrsqc.com/pharmacy/covid-19.html' target='_blank'><strong>Eagle River</strong></a>,"11431 Business Blvd Eagle River, 99577",Walk-in only,Pfizer/ Johnson & Johnson
Multiple Dates,<a href='https://www.carrsqc.com/pharmacy/covid-19.html' target='_blank'><strong>Kenai Safeway</strong></a>,"10576 Kenai Spur Hwy, Kenai, 99611",Walk-in only,Pfizer
Multiple Dates,<a href='https://www.carrsqc.com/pharmacy/covid-19.html' target='_blank'><strong>Carrs - Debarr</strong></a>,"5600 Debarr Rd Anchorage, 99504",Walk-in only,Moderna/Johnson & Johnson
Multiple Dates,<a href='https://www.carrsqc.com/pharmacy/covid-19.html' target='_blank'><strong>Carrs - Wasilla</strong></a>,"595 E Parks Hwy #300 Wasilla, 99687",Walk-in only,Moderna/Johnson & Johnson
Multiple Dates,<a href='https://www.carrsqc.com/pharmacy/covid-19.html' target='_blank'><strong>Carrs - Jewell Lake</strong></a>,"4000 W Dimond Blvd, Anchorage, 99502-",Walk-in only,Moderna/Johnson & Johnson
Multiple Dates,<a href='https://www.carrsqc.com/pharmacy/covid-19.html' target='_blank'><strong>Carrs - Huffman</strong></a>,"1501 E Huffman Rd Anchorage, 99515",Walk-in only,Pfizer
Multiple Dates,<a href='https://www.carrsqc.com/pharmacy/covid-19.html' target='_blank'><strong>Carrs - Muldoon</strong></a>,"7731 E Northern Lights Blvd, Anchorage, 99504",Walk-in only,Moderna/Johnson & Johnson
Multiple Dates,<a href='https://www.carrsqc.com/pharmacy/covid-19.html' target='_blank'><strong>Ketchikan Safeway</strong></a>,"2417 Tongass Ave, Ketchikan, 99901",Walk-in only,Moderna/Johnson & Johnson
Multiple Dates,<a href='https://www.carrsqc.com/pharmacy/covid-19.html' target='_blank'><strong>Juneau Safeway</strong></a>,"3033 Vintage Blvd, Juneau, 99801",Walk-in only,Moderna/Johnson & Johnson
Multiple Dates,<a href='https://www.carrsqc.com/pharmacy/covid-19.html' target='_blank'><strong>North Pole Safeway</strong></a>,"301 N Santa Claus Ln North Pole, .",Walk-in only,Moderna/Johnson & Johnson
Multiple Dates,<a href='https://www.carrsqc.com/pharmacy/covid-19.html' target='_blank'><strong>Homer Safeway</strong></a>,"90 Sterling Hwy Homer, 99603",Walk-in only,Pfizer/Johnson & Johnson
Multiple Dates,<a href='https://www.carrsqc.com/pharmacy/covid-19.html' target='_blank'><strong>Valdez Safeway</strong></a>,"1313 Meals St. Valdez, 99686",Walk-in only,Moderna
Multiple Dates,<a href='https://www.carrsqc.com/pharmacy/covid-19.html' target='_blank'><strong>Bentley Mall Safeway</strong></a>,"30 College Rd, Fairbanks, 99701",Walk-in only,Moderna/Johnson & Johnson
Multiple Dates,<a href='https://www.carrsqc.com/pharmacy/covid-19.html' target='_blank'><strong>Carrs - Abbott</strong></a>,"1725 Abbott Rd Anchorage, 99507",Walk-in only,Moderna/Johnson & Johnson
Multiple Dates,<a href='https://www.carrsqc.com/pharmacy/covid-19.html' target='_blank'><strong>University Safeway</strong></a>,"3627 Airport Way Fairbanks, 99709",Walk-in only,Moderna/Johnson & Johnson
Multiple Dates,<a href='https://www.carrsqc.com/pharmacy/covid-19.html' target='_blank'><strong>Seward Safeway</strong></a>,"Mile 1.5 Seward Hwy Seward, AK",Walk-in only,Moderna/Johnson & Johnson
8/04,<a href='https://myhealth.alaska.gov/appointment/en/client/registration?clinic_id=2887&find_label=find_location&return_to=%2Fappointment%2Fen%2Fclinic%2Fsearch' target='_blank'><strong>Anchorage EOC – Mobile Vaccine Team</strong></a>,"Alaska Black Caucus APD Chief McCoy Celebration - Anchorage Museum  625 C Street, Anchorage 99501",96,"Johnson & Johnson, Pfizer"
7/17,<a href='https://myhealth.alaska.gov/appointment/en/client/registration?clinic_id=2483&find_label=find_location&return_to=%2Fappointment%2Fen%2Fclinic%2Fsearch' target='_blank'><strong>Anchorage EOC – Mobile Vaccine Team</strong></a>,"Turnagain Brewing 7920 King St, Anchorage 99518",94,"Johnson & Johnson, Pfizer"
7/15,<a href='https://myhealth.alaska.gov/appointment/en/client/registration?clinic_id=2844&find_label=find_location&return_to=%2Fappointment%2Fen%2Fclinic%2Fsearch' target='_blank'><strong>Ptarmigan Pediatrics LLC</strong></a>,"Ptarmigan Pediatrics 3543 E. Meridian Park Lp, Ste A, Wasilla 99654",9,Pfizer
7/16,<a href='https://myhealth.alaska.gov/appointment/en/client/registration?clinic_id=2808&find_label=find_location&return_to=%2Fappointment%2Fen%2Fclinic%2Fsearch' target='_blank'><strong>Denali Pharmacy - Fairbanks Memorial Hospital</strong></a>,"1650 Cowles Street, Fairbanks 99701",9,Moderna
7/16,<a href='https://myhealth.alaska.gov/appointment/en/client/registration?clinic_id=2846&find_label=find_location&return_to=%2Fappointment%2Fen%2Fclinic%2Fsearch' target='_blank'><strong>Ptarmigan Pediatrics LLC</strong></a>,"Ptarmigan Pediatrics 3543 E. Meridian Park Lp, Ste A, Wasilla 99654",9,Pfizer
7/19,<a href='https://myhealth.alaska.gov/appointment/en/client/registration?clinic_id=2809&find_label=find_location&return_to=%2Fappointment%2Fen%2Fclinic%2Fsearch' target='_blank'><strong>Denali Pharmacy - Fairbanks Memorial Hospital</strong></a>,"1650 Cowles Street, Fairbanks 99701",9,Moderna
7/20,<a href='https://myhealth.alaska.gov/appointment/en/client/registration?clinic_id=2860&find_label=find_location&return_to=%2Fappointment%2Fen%2Fclinic%2Fsearch' target='_blank'><strong>Canyon Clinic</strong></a>,"MP 238.5 Parks Hwy, Healy 99743",9,"Johnson & Johnson, Pfizer"
7/21,<a href='https://myhealth.alaska.gov/appointment/en/client/registration?clinic_id=2861&find_label=find_location&return_to=%2Fappointment%2Fen%2Fclinic%2Fsearch' target='_blank'><strong>Canyon Clinic</strong></a>,"MP 238.5 Parks Hwy, Healy 99743",9,"Johnson & Johnson, Pfizer"
7/22,<a href='https://myhealth.alaska.gov/appointment/en/client/registration?clinic_id=2862&find_label=find_location&return_to=%2Fappointment%2Fen%2Fclinic%2Fsearch' target='_blank'><strong>Canyon Clinic</strong></a>,"MP 238.5 Parks Hwy, Healy 99743",9,"Johnson & Johnson, Pfizer"
7/23,<a href='https://myhealth.alaska.gov/appointment/en/client/registration?clinic_id=2863&find_label=find_location&return_to=%2Fappointment%2Fen%2Fclinic%2Fsearch' target='_blank'><strong>Canyon Clinic</strong></a>,"MP 238.5 Parks Hwy, Healy 99743",9,"Johnson & Johnson, Pfizer"
7/24,<a href='https://myhealth.alaska.gov/appointment/en/client/registration?clinic_id=2864&find_label=find_location&return_to=%2Fappointment%2Fen%2Fclinic%2Fsearch' target='_blank'><strong>Canyon Clinic</strong></a>,"MP 238.5 Parks Hwy, Healy 99743",9,"Johnson & Johnson, Pfizer"
7/25,<a href='https://myhealth.alaska.gov/appointment/en/client/registration?clinic_id=2865&find_label=find_location&return_to=%2Fappointment%2Fen%2Fclinic%2Fsearch' target='_blank'><strong>Canyon Clinic</strong></a>,"MP 238.5 Parks Hwy, Healy 99743",9,"Johnson & Johnson, Pfizer"
7/26,<a href='https://myhealth.alaska.gov/appointment/en/client/registration?clinic_id=2866&find_label=find_location&return_to=%2Fappointment%2Fen%2Fclinic%2Fsearch' target='_blank'><strong>Canyon Clinic</strong></a>,"MP 238.5 Parks Hwy, Healy 99743",9,"Johnson & Johnson, Pfizer"
7/27,<a href='https://myhealth.alaska.gov/appointment/en/client/registration?clinic_id=2867&find_label=find_location&return_to=%2Fappointment%2Fen%2Fclinic%2Fsearch' target='_blank'><strong>Canyon Clinic</strong></a>,"MP 238.5 Parks Hwy, Healy 99743",9,"Johnson & Johnson, Pfizer"
7/28,<a href='https://myhealth.alaska.gov/appointment/en/client/registration?clinic_id=2868&find_label=find_location&return_to=%2Fappointment%2Fen%2Fclinic%2Fsearch' target='_blank'><strong>Canyon Clinic</strong></a>,"MP 238.5 Parks Hwy, Healy 99743",9,"Johnson & Johnson, Pfizer"
7/29,<a href='https://myhealth.alaska.gov/appointment/en/client/registration?clinic_id=2869&find_label=find_location&return_to=%2Fappointment%2Fen%2Fclinic%2Fsearch' target='_blank'><strong>Canyon Clinic</strong></a>,"MP 238.5 Parks Hwy, Healy 99743",9,"Johnson & Johnson, Pfizer"
7/30,<a href='https://myhealth.alaska.gov/appointment/en/client/registration?clinic_id=2870&find_label=find_location&return_to=%2Fappointment%2Fen%2Fclinic%2Fsearch' target='_blank'><strong>Canyon Clinic</strong></a>,"MP 238.5 Parks Hwy, Healy 99743",9,"Johnson & Johnson, Pfizer"
7/31,<a href='https://myhealth.alaska.gov/appointment/en/client/registration?clinic_id=2871&find_label=find_location&return_to=%2Fappointment%2Fen%2Fclinic%2Fsearch' target='_blank'><strong>Canyon Clinic</strong></a>,"MP 238.5 Parks Hwy, Healy 99743",9,"Johnson & Johnson, Pfizer"
7/21,<a href='https://myhealth.alaska.gov/appointment/en/client/registration?clinic_id=2540&find_label=find_location&return_to=%2Fappointment%2Fen%2Fclinic%2Fsearch' target='_blank'><strong>Kenai Public Health Center</strong></a>,"Soldotna Creek Park, Soldotna 99669",84,"Johnson & Johnson, Pfizer"
7/16,<a href='https://myhealth.alaska.gov/appointment/en/client/registration?clinic_id=2729&find_label=find_location&return_to=%2Fappointment%2Fen%2Fclinic%2Fsearch' target='_blank'><strong>ALTERNATE SITE - Mat-Su Public Health</strong></a>,"22510 S Talkeetna Spur Rd. , Talkeetna 99676",83,"Johnson & Johnson, Pfizer"
7/18,<a href='https://myhealth.alaska.gov/appointment/en/client/registration?clinic_id=2858&find_label=find_location&return_to=%2Fappointment%2Fen%2Fclinic%2Fsearch' target='_blank'><strong>Canyon Clinic</strong></a>,"MP 238.5 Parks Hwy, Healy 99743",8,"Johnson & Johnson, Pfizer"
7/19,<a href='https://myhealth.alaska.gov/appointment/en/client/registration?clinic_id=2859&find_label=find_location&return_to=%2Fappointment%2Fen%2Fclinic%2Fsearch' target='_blank'><strong>Canyon Clinic</strong></a>,"MP 238.5 Parks Hwy, Healy 99743",8,"Johnson & Johnson, Pfizer"
7/21,<a href='https://myhealth.alaska.gov/appointment/en/client/registration?clinic_id=2914&find_label=find_location&return_to=%2Fappointment%2Fen%2Fclinic%2Fsearch' target='_blank'><strong>Anchorage EOC – Mobile Vaccine Team</strong></a>,"Delaney Park Strip, Anchorage 99501",75,"Johnson & Johnson, Pfizer"
7/27,<a href='https://myhealth.alaska.gov/appointment/en/client/registration?clinic_id=2886&find_label=find_location&return_to=%2Fappointment%2Fen%2Fclinic%2Fsearch' target='_blank'><strong>Anchorage EOC – Mobile Vaccine Team</strong></a>,"Alaska Black Caucus APD Chief McCoy Confirmation - Loussac Library 3600 Denali St, Anchorage 99503",72,"Johnson & Johnson, Pfizer"
8/03,<a href='https://myhealth.alaska.gov/appointment/en/client/registration?clinic_id=2771&find_label=find_location&return_to=%2Fappointment%2Fen%2Fclinic%2Fsearch' target='_blank'><strong>Anchorage EOC – Mobile Vaccine Team</strong></a>,"Unique Ink AK  -  700 W Northern Lights Blvd # 2, Anchorage 99503",72,"Johnson & Johnson, Pfizer"
7/30,<a href='https://myhealth.alaska.gov/appointment/en/client/registration?clinic_id=2650&find_label=find_location&return_to=%2Fappointment%2Fen%2Fclinic%2Fsearch' target='_blank'><strong>ALTERNATE SITE - Mat-Su Public Health</strong></a>,"FRIDAY FLING IN PALMER, Palmer 99645",70,"Johnson & Johnson, Pfizer"
7/17,<a href='https://myhealth.alaska.gov/appointment/en/client/registration?clinic_id=2857&find_label=find_location&return_to=%2Fappointment%2Fen%2Fclinic%2Fsearch' target='_blank'><strong>Canyon Clinic</strong></a>,"MP 238.5 Parks Hwy, Healy 99743",7,"Johnson & Johnson, Pfizer"
7/19,<a href='https://myhealth.alaska.gov/appointment/en/client/registration?clinic_id=2909&find_label=find_location&return_to=%2Fappointment%2Fen%2Fclinic%2Fsearch' target='_blank'><strong>Ptarmigan Pediatrics LLC</strong></a>,"Ptarmigan Pediatrics 3543 E. Meridian Park Lp, Ste A, Wasilla 99654",7,Pfizer
7/23,<a href='https://myhealth.alaska.gov/appointment/en/client/registration?clinic_id=2649&find_label=find_location&return_to=%2Fappointment%2Fen%2Fclinic%2Fsearch' target='_blank'><strong>ALTERNATE SITE - Mat-Su Public Health</strong></a>,"FRIDAY FLING IN PALMER, Palmer 99645",69,"Johnson & Johnson, Pfizer"
7/16,<a href='https://myhealth.alaska.gov/appointment/en/client/registration?clinic_id=2648&find_label=find_location&return_to=%2Fappointment%2Fen%2Fclinic%2Fsearch' target='_blank'><strong>ALTERNATE SITE - Mat-Su Public Health</strong></a>,"FRIDAY FLING IN PALMER, Palmer 99645",62,"Johnson & Johnson, Pfizer"
8/12,<a href='https://myhealth.alaska.gov/appointment/en/client/registration?clinic_id=2835&find_label=find_location&return_to=%2Fappointment%2Fen%2Fclinic%2Fsearch' target='_blank'><strong>ALTERNATE SITE – City & Borough of Juneau</strong></a>,"3412 Glacier Highway, Juneau 99801",60,Pfizer
8/19,<a href='https://myhealth.alaska.gov/appointment/en/client/registration?clinic_id=2836&find_label=find_location&return_to=%2Fappointment%2Fen%2Fclinic%2Fsearch' target='_blank'><strong>ALTERNATE SITE – City & Borough of Juneau</strong></a>,"3412 Glacier Highway, Juneau 99801",60,Pfizer
8/26,<a href='https://myhealth.alaska.gov/appointment/en/client/registration?clinic_id=2837&find_label=find_location&return_to=%2Fappointment%2Fen%2Fclinic%2Fsearch' target='_blank'><strong>ALTERNATE SITE – City & Borough of Juneau</strong></a>,"3412 Glacier Highway, juneau ak, 99801",60,Pfizer
8/05,<a href='https://myhealth.alaska.gov/appointment/en/client/registration?clinic_id=2834&find_label=find_location&return_to=%2Fappointment%2Fen%2Fclinic%2Fsearch' target='_blank'><strong>ALTERNATE SITE – City & Borough of Juneau</strong></a>,"3412 Glacier Highway, Juneau 99801",57,Pfizer
7/29,<a href='https://myhealth.alaska.gov/appointment/en/client/registration?clinic_id=2253&find_label=find_location&return_to=%2Fappointment%2Fen%2Fclinic%2Fsearch' target='_blank'><strong>ALTERNATE SITE – City & Borough of Juneau</strong></a>,"3412 Glacier Highway, Juneau 99801",53,"Johnson & Johnson, Pfizer"
8/07,<a href='https://myhealth.alaska.gov/appointment/en/client/registration?clinic_id=2559&find_label=find_location&return_to=%2Fappointment%2Fen%2Fclinic%2Fsearch' target='_blank'><strong>Blueberry Arts Festival - Ketchikan Public Health</strong></a>,"Blueberry Festival. 503 Mission St, Ketchikan 99901",51,"Johnson & Johnson, Moderna, Pfizer"
7/31,<a href='https://myhealth.alaska.gov/appointment/en/client/registration?clinic_id=2821&find_label=find_location&return_to=%2Fappointment%2Fen%2Fclinic%2Fsearch' target='_blank'><strong>Denali Pharmacy - Fairbanks Memorial Hospital</strong></a>,"1650 Cowles Street, Fairbanks 99701",5,Johnson & Johnson
7/22,<a href='https://myhealth.alaska.gov/appointment/en/client/registration?clinic_id=2252&find_label=find_location&return_to=%2Fappointment%2Fen%2Fclinic%2Fsearch' target='_blank'><strong>ALTERNATE SITE – City & Borough of Juneau</strong></a>,"3412 Glacier Highway, Juneau 99801",49,"Johnson & Johnson, Pfizer"
8/13,<a href='https://myhealth.alaska.gov/appointment/en/client/registration?clinic_id=2773&find_label=find_location&return_to=%2Fappointment%2Fen%2Fclinic%2Fsearch' target='_blank'><strong>Anchorage EOC – Mobile Vaccine Team</strong></a>,"Anchorage Golf Course - 3651 O'Malley Rd, Anchorage 99507",48,"Johnson & Johnson, Pfizer"
7/30,<a href='https://myhealth.alaska.gov/appointment/en/client/registration?clinic_id=2920&find_label=find_location&return_to=%2Fappointment%2Fen%2Fclinic%2Fsearch' target='_blank'><strong>Harry Race Pharmacy</strong></a>,"106 Lincoln St, Sitka 99835",47,Moderna
7/17,<a href='https://myhealth.alaska.gov/appointment/en/client/registration?clinic_id=2908&find_label=find_location&return_to=%2Fappointment%2Fen%2Fclinic%2Fsearch' target='_blank'><strong>Walk-ins Welcome! / Pop-up Clinic - Anchorage Health Department</strong></a>,"Gallo Center - 135 W Dimond Blvd Suite #110, Anchorage AK - 99515",43,"Johnson & Johnson, Moderna, Pfizer"
7/22,<a href='https://myhealth.alaska.gov/appointment/en/client/registration?clinic_id=2803&find_label=find_location&return_to=%2Fappointment%2Fen%2Fclinic%2Fsearch' target='_blank'><strong>Kenai Public Health Center</strong></a>,"630 Barnacle Way, Suite A, Kenai 99611",41,"Johnson & Johnson, Pfizer"
7/16,<a href='https://myhealth.alaska.gov/appointment/en/client/registration?clinic_id=2907&find_label=find_location&return_to=%2Fappointment%2Fen%2Fclinic%2Fsearch' target='_blank'><strong>Walk-ins Welcome! / Pop-up Clinic - Anchorage Health Department</strong></a>,"Gallo Center - 135 W Dimond Blvd Suite #110, Anchorage AK - 99515",40,"Johnson & Johnson, Moderna, Pfizer"
7/23,<a href='https://myhealth.alaska.gov/appointment/en/client/registration?clinic_id=2566&find_label=find_location&return_to=%2Fappointment%2Fen%2Fclinic%2Fsearch' target='_blank'><strong>Walk-ins Welcome! / Pop-up Clinic - Anchorage Health Department</strong></a>,"Fairview Rec Center - 1121 E 10th Ave, Anchorage 99501",40,"Johnson & Johnson, Pfizer"
8/16,<a href='https://myhealth.alaska.gov/appointment/en/client/registration?clinic_id=2571&find_label=find_location&return_to=%2Fappointment%2Fen%2Fclinic%2Fsearch' target='_blank'><strong>Walk-ins Welcome! / Pop-up Clinic - Anchorage Health Department</strong></a>,"Mountain View Boys and Girls Clubs, 315 North Price Street, Anchorage 99508",40,"Johnson & Johnson, Pfizer"
7/27,<a href='https://myhealth.alaska.gov/appointment/en/client/registration?clinic_id=2570&find_label=find_location&return_to=%2Fappointment%2Fen%2Fclinic%2Fsearch' target='_blank'><strong>Walk-ins Welcome! / Pop-up Clinic - Anchorage Health Department</strong></a>,"Mountain View Boys and Girls Clubs, 315 North Price Street, Anchorage 99508",37,"Johnson & Johnson, Pfizer"
7/28,<a href='https://myhealth.alaska.gov/appointment/en/client/registration?clinic_id=2541&find_label=find_location&return_to=%2Fappointment%2Fen%2Fclinic%2Fsearch' target='_blank'><strong>Kenai Public Health Center</strong></a>,"Soldotna Creek Park, Soldotna 99669",35,"Johnson & Johnson, Pfizer"
8/03,<a href='https://myhealth.alaska.gov/appointment/en/client/registration?clinic_id=2561&find_label=find_location&return_to=%2Fappointment%2Fen%2Fclinic%2Fsearch' target='_blank'><strong>Walk-ins Welcome! / Pop-up Clinic - Anchorage Health Department</strong></a>,"Spenard Recreation Center- Walk Ins Welcome!- 2020 W. 48th Ave., Anchorage 99517",35,"Johnson & Johnson, Pfizer"
7/16,<a href='https://myhealth.alaska.gov/appointment/en/client/registration?clinic_id=2563&find_label=find_location&return_to=%2Fappointment%2Fen%2Fclinic%2Fsearch' target='_blank'><strong>Walk-ins Welcome! / Pop-up Clinic - Anchorage Health Department</strong></a>,"Muldoon Boys & Girls Club, 1251 Muldoon Rd #153, Anchorage 99504",33,"Johnson & Johnson, Pfizer"
7/15,<a href='https://myhealth.alaska.gov/appointment/en/client/registration?clinic_id=2903&find_label=find_location&return_to=%2Fappointment%2Fen%2Fclinic%2Fsearch' target='_blank'><strong>Bernie's Pharmacy</strong></a>,"4100 LAKE OTIS PKWY SUITE 200, Anchorage 99508",30,Moderna
7/26,<a href='https://myhealth.alaska.gov/appointment/en/client/registration?clinic_id=2629&find_label=find_location&return_to=%2Fappointment%2Fen%2Fclinic%2Fsearch' target='_blank'><strong>Walk-ins Welcome! / Pop-up Clinic - Anchorage Health Department</strong></a>,"Grow North - 3601 Mountain View Dr., Anchorage 99508",30,"Johnson & Johnson, Pfizer"
7/16,<a href='https://myhealth.alaska.gov/appointment/en/client/registration?clinic_id=2777&find_label=find_location&return_to=%2Fappointment%2Fen%2Fclinic%2Fsearch' target='_blank'><strong>Harry Race Pharmacy</strong></a>,"106 Lincoln St, Sitka 99835",29,Moderna
7/21,<a href='https://myhealth.alaska.gov/appointment/en/client/registration?clinic_id=2785&find_label=find_location&return_to=%2Fappointment%2Fen%2Fclinic%2Fsearch' target='_blank'><strong>Kenai Public Health Center</strong></a>,"630 Barnacle Way, Suite A, Kenai 99611",24,"Johnson & Johnson, Pfizer"
8/11,<a href='https://myhealth.alaska.gov/appointment/en/client/registration?clinic_id=2922&find_label=find_location&return_to=%2Fappointment%2Fen%2Fclinic%2Fsearch' target='_blank'><strong>Kenai Public Health Center</strong></a>,"630 Barnacle Way, Suite A, Kenai 99611",24,"Johnson & Johnson, Pfizer"
8/18,<a href='https://myhealth.alaska.gov/appointment/en/client/registration?clinic_id=2923&find_label=find_location&return_to=%2Fappointment%2Fen%2Fclinic%2Fsearch' target='_blank'><strong>Kenai Public Health Center</strong></a>,"630 Barnacle Way, Suite A, Kenai 99611",24,"Johnson & Johnson, Pfizer"
8/25,<a href='https://myhealth.alaska.gov/appointment/en/client/registration?clinic_id=2924&find_label=find_location&return_to=%2Fappointment%2Fen%2Fclinic%2Fsearch' target='_blank'><strong>Kenai Public Health Center</strong></a>,"630 Barnacle Way, Suite A, Kenai 99611",24,"Johnson & Johnson, Pfizer"
7/22,<a href='https://myhealth.alaska.gov/appointment/en/client/registration?clinic_id=2510&find_label=find_location&return_to=%2Fappointment%2Fen%2Fclinic%2Fsearch' target='_blank'><strong>Kenai Public Health Center</strong></a>,"630 Barnacle Way, Suite A, Kenai 99611",23,"Johnson & Johnson, Pfizer"
8/04,<a href='https://myhealth.alaska.gov/appointment/en/client/registration?clinic_id=2921&find_label=find_location&return_to=%2Fappointment%2Fen%2Fclinic%2Fsearch' target='_blank'><strong>Kenai Public Health Center</strong></a>,"630 Barnacle Way, Suite A, Kenai 99611",22,"Johnson & Johnson, Pfizer"
7/26,<a href='https://myhealth.alaska.gov/appointment/en/client/registration?clinic_id=2476&find_label=find_location&return_to=%2Fappointment%2Fen%2Fclinic%2Fsearch' target='_blank'><strong>Ketchikan Public Health Center</strong></a>,"605 gateway ct, Ketchikan 99901",20,Moderna
7/28,<a href='https://myhealth.alaska.gov/appointment/en/client/registration?clinic_id=2786&find_label=find_location&return_to=%2Fappointment%2Fen%2Fclinic%2Fsearch' target='_blank'><strong>Kenai Public Health Center</strong></a>,"630 Barnacle Way, Suite A, Kenai 99611",20,"Johnson & Johnson, Pfizer"
7/16,<a href='https://myhealth.alaska.gov/appointment/en/client/registration?clinic_id=2478&find_label=find_location&return_to=%2Fappointment%2Fen%2Fclinic%2Fsearch' target='_blank'><strong>Ketchikan Public Health Center</strong></a>,"605 Gateway Court, Ketchikan 99901",2,Pfizer
7/27,<a href='https://myhealth.alaska.gov/appointment/en/client/registration?clinic_id=2642&find_label=find_location&return_to=%2Fappointment%2Fen%2Fclinic%2Fsearch' target='_blank'><strong>Delta Junction Public Health Center</strong></a>,"2835 Alaska Hwy, Delta Junction 99737",18,Moderna
7/15,<a href='https://myhealth.alaska.gov/appointment/en/client/registration?clinic_id=2845&find_label=find_location&return_to=%2Fappointment%2Fen%2Fclinic%2Fsearch' target='_blank'><strong>Ptarmigan Pediatrics LLC</strong></a>,"Ptarmigan Pediatrics 3543 E. Meridian Park Lp, Ste A, Wasilla 99654",15,Pfizer
7/26,<a href='https://myhealth.alaska.gov/appointment/en/client/registration?clinic_id=2939&find_label=find_location&return_to=%2Fappointment%2Fen%2Fclinic%2Fsearch' target='_blank'><strong>FAIRBANKS CANCER CARE PHYSICIANS</strong></a>,"1640 Cowles St, Fairbanks 99701",15,"Johnson & Johnson, Moderna, Pfizer"
8/02,<a href='https://myhealth.alaska.gov/appointment/en/client/registration?clinic_id=2940&find_label=find_location&return_to=%2Fappointment%2Fen%2Fclinic%2Fsearch' target='_blank'><strong>FAIRBANKS CANCER CARE PHYSICIANS</strong></a>,"1640 Cowles St, Fairbanks 99701",15,"Johnson & Johnson, Moderna, Pfizer"
8/09,<a href='https://myhealth.alaska.gov/appointment/en/client/registration?clinic_id=2941&find_label=find_location&return_to=%2Fappointment%2Fen%2Fclinic%2Fsearch' target='_blank'><strong>FAIRBANKS CANCER CARE PHYSICIANS</strong></a>,"1640 Cowles St, Fairbanks 99701",15,"Johnson & Johnson, Moderna, Pfizer"
8/16,<a href='https://myhealth.alaska.gov/appointment/en/client/registration?clinic_id=2943&find_label=find_location&return_to=%2Fappointment%2Fen%2Fclinic%2Fsearch' target='_blank'><strong>FAIRBANKS CANCER CARE PHYSICIANS</strong></a>,"1640 Cowles St, Fairbanks 99701",15,"Johnson & Johnson, Moderna, Pfizer"
8/23,<a href='https://myhealth.alaska.gov/appointment/en/client/registration?clinic_id=2944&find_label=find_location&return_to=%2Fappointment%2Fen%2Fclinic%2Fsearch' target='_blank'><strong>FAIRBANKS CANCER CARE PHYSICIANS</strong></a>,"1640 Cowles St, Fairbanks 99701",15,"Johnson & Johnson, Moderna, Pfizer"
8/30,<a href='https://myhealth.alaska.gov/appointment/en/client/registration?clinic_id=2945&find_label=find_location&return_to=%2Fappointment%2Fen%2Fclinic%2Fsearch' target='_blank'><strong>FAIRBANKS CANCER CARE PHYSICIANS</strong></a>,"1640 Cowles St, Fairbanks 99701",15,"Johnson & Johnson, Moderna, Pfizer"
7/23,<a href='https://myhealth.alaska.gov/appointment/en/client/registration?clinic_id=2915&find_label=find_location&return_to=%2Fappointment%2Fen%2Fclinic%2Fsearch' target='_blank'><strong>Anchorage EOC – Mobile Vaccine Team</strong></a>,"Anchorage Golf Course   3651 O'Malley Road, Anchorage 99507",144,"Johnson & Johnson, Pfizer"
7/16,<a href='https://myhealth.alaska.gov/appointment/en/client/registration?clinic_id=2847&find_label=find_location&return_to=%2Fappointment%2Fen%2Fclinic%2Fsearch' target='_blank'><strong>Ptarmigan Pediatrics LLC</strong></a>,"Ptarmigan Pediatrics 3543 E. Meridian Park Lp, Ste A, Wasilla 99654",14,Pfizer
7/16,"<a href='https://myhealth.alaska.gov/appointment/en/client/registration?clinic_id=2926&find_label=find_location&return_to=%2Fappointment%2Fen%2Fclinic%2Fsearch' target='_blank'><strong>Genoa Healthcare, LLC #20242</strong></a>","1944 Allen Ct. STE P1 , Juneau 99801",14,"Moderna, Pfizer"
7/19,<a href='https://myhealth.alaska.gov/appointment/en/client/registration?clinic_id=2802&find_label=find_location&return_to=%2Fappointment%2Fen%2Fclinic%2Fsearch' target='_blank'><strong>FAIRBANKS CANCER CARE PHYSICIANS</strong></a>,"1640 Cowles St, Fairbanks 99701",14,"Johnson & Johnson, Moderna, Pfizer"
7/23,<a href='https://myhealth.alaska.gov/appointment/en/client/registration?clinic_id=2479&find_label=find_location&return_to=%2Fappointment%2Fen%2Fclinic%2Fsearch' target='_blank'><strong>Ketchikan Public Health Center</strong></a>,"605 Gateway Court, Ketchikan 99901",14,Pfizer
7/15,<a href='https://myhealth.alaska.gov/appointment/en/client/registration?clinic_id=2883&find_label=find_location&return_to=%2Fappointment%2Fen%2Fclinic%2Fsearch' target='_blank'><strong>Walk-ins Welcome! Tikahtnu Commons Pier One (former location) - Fairweather</strong></a>,"1124 N Muldoon Rd Ste O, Anchorage 99504",134,"Johnson & Johnson, Moderna, Pfizer"
7/18,<a href='https://myhealth.alaska.gov/appointment/en/client/registration?clinic_id=2724&find_label=find_location&return_to=%2Fappointment%2Fen%2Fclinic%2Fsearch' target='_blank'><strong>Juneau Urgent and Family Care</strong></a>,"8505 Old Dairy Rd, Juneau 99801",12,"Johnson & Johnson, Pfizer"
7/19,<a href='https://myhealth.alaska.gov/appointment/en/client/registration?clinic_id=2725&find_label=find_location&return_to=%2Fappointment%2Fen%2Fclinic%2Fsearch' target='_blank'><strong>Juneau Urgent and Family Care</strong></a>,"8505 Old Dairy Rd, Juneau 99801",12,"Johnson & Johnson, Pfizer"
7/19,"<a href='https://myhealth.alaska.gov/appointment/en/client/registration?clinic_id=2934&find_label=find_location&return_to=%2Fappointment%2Fen%2Fclinic%2Fsearch' target='_blank'><strong>Genoa Healthcare, LLC #20242</strong></a>","1944 Allen Ct. STE P1 , Juneau 99801",12,Pfizer
7/20,<a href='https://myhealth.alaska.gov/appointment/en/client/registration?clinic_id=2726&find_label=find_location&return_to=%2Fappointment%2Fen%2Fclinic%2Fsearch' target='_blank'><strong>Juneau Urgent and Family Care</strong></a>,"8505 Old Dairy Rd, Juneau 99801",12,"Johnson & Johnson, Moderna, Pfizer"
7/20,<a href='https://myhealth.alaska.gov/appointment/en/client/registration?clinic_id=2745&find_label=find_location&return_to=%2Fappointment%2Fen%2Fclinic%2Fsearch' target='_blank'><strong>Elizabeth DeSchweinitz MD</strong></a>,"9500 Independence Dr STE 700, Anchorage 99507",12,Pfizer
7/20,"<a href='https://myhealth.alaska.gov/appointment/en/client/registration?clinic_id=2935&find_label=find_location&return_to=%2Fappointment%2Fen%2Fclinic%2Fsearch' target='_blank'><strong>Genoa Healthcare, LLC #20242</strong></a>","1944 Allen Ct. STE P1 , Juneau 99801",12,Pfizer
7/21,<a href='https://myhealth.alaska.gov/appointment/en/client/registration?clinic_id=2738&find_label=find_location&return_to=%2Fappointment%2Fen%2Fclinic%2Fsearch' target='_blank'><strong>Juneau Urgent and Family Care</strong></a>,"8505 Old Dairy Rd, Juneau 99801",12,"Johnson & Johnson, Pfizer"
7/21,"<a href='https://myhealth.alaska.gov/appointment/en/client/registration?clinic_id=2936&find_label=find_location&return_to=%2Fappointment%2Fen%2Fclinic%2Fsearch' target='_blank'><strong>Genoa Healthcare, LLC #20242</strong></a>","1944 Allen Ct. STE P1 , Juneau 99801",12,Pfizer
7/22,<a href='https://myhealth.alaska.gov/appointment/en/client/registration?clinic_id=2746&find_label=find_location&return_to=%2Fappointment%2Fen%2Fclinic%2Fsearch' target='_blank'><strong>Elizabeth DeSchweinitz MD</strong></a>,"9500 Independence Dr STE 700, Anchorage 99507",12,Pfizer
7/22,"<a href='https://myhealth.alaska.gov/appointment/en/client/registration?clinic_id=2937&find_label=find_location&return_to=%2Fappointment%2Fen%2Fclinic%2Fsearch' target='_blank'><strong>Genoa Healthcare, LLC #20242</strong></a>","1944 Allen Ct. STE P1 , Juneau 99801",12,Pfizer
7/23,<a href='https://myhealth.alaska.gov/appointment/en/client/registration?clinic_id=2825&find_label=find_location&return_to=%2Fappointment%2Fen%2Fclinic%2Fsearch' target='_blank'><strong>Juneau Urgent and Family Care</strong></a>,"8505 Old Dairy Rd, Juneau 99801",12,"Johnson & Johnson, Pfizer"
7/23,"<a href='https://myhealth.alaska.gov/appointment/en/client/registration?clinic_id=2938&find_label=find_location&return_to=%2Fappointment%2Fen%2Fclinic%2Fsearch' target='_blank'><strong>Genoa Healthcare, LLC #20242</strong></a>","1944 Allen Ct. STE P1 , Juneau 99801",12,Pfizer
7/24,<a href='https://myhealth.alaska.gov/appointment/en/client/registration?clinic_id=2826&find_label=find_location&return_to=%2Fappointment%2Fen%2Fclinic%2Fsearch' target='_blank'><strong>Juneau Urgent and Family Care</strong></a>,"8505 Old Dairy Rd, Juneau 99801",12,"Johnson & Johnson, Moderna, Pfizer"
7/25,<a href='https://myhealth.alaska.gov/appointment/en/client/registration?clinic_id=2827&find_label=find_location&return_to=%2Fappointment%2Fen%2Fclinic%2Fsearch' target='_blank'><strong>Juneau Urgent and Family Care</strong></a>,"8505 Old Dairy Rd, Juneau 99801",12,"Johnson & Johnson, Pfizer"
7/26,<a href='https://myhealth.alaska.gov/appointment/en/client/registration?clinic_id=2828&find_label=find_location&return_to=%2Fappointment%2Fen%2Fclinic%2Fsearch' target='_blank'><strong>Juneau Urgent and Family Care</strong></a>,"8505 Old Dairy Rd, Juneau 99801",12,"Johnson & Johnson, Pfizer"
7/27,<a href='https://myhealth.alaska.gov/appointment/en/client/registration?clinic_id=2749&find_label=find_location&return_to=%2Fappointment%2Fen%2Fclinic%2Fsearch' target='_blank'><strong>Elizabeth DeSchweinitz MD</strong></a>,"9500 Independence Dr STE 700, Anchorage 99507",12,Pfizer
7/27,<a href='https://myhealth.alaska.gov/appointment/en/client/registration?clinic_id=2750&find_label=find_location&return_to=%2Fappointment%2Fen%2Fclinic%2Fsearch' target='_blank'><strong>Elizabeth DeSchweinitz MD</strong></a>,"9500 Independence Dr STE 700, Anchorage 99507",12,Pfizer
7/27,<a href='https://myhealth.alaska.gov/appointment/en/client/registration?clinic_id=2829&find_label=find_location&return_to=%2Fappointment%2Fen%2Fclinic%2Fsearch' target='_blank'><strong>Juneau Urgent and Family Care</strong></a>,"8505 Old Dairy Rd, Juneau 99801",12,"Johnson & Johnson, Moderna, Pfizer"
7/28,<a href='https://myhealth.alaska.gov/appointment/en/client/registration?clinic_id=2830&find_label=find_location&return_to=%2Fappointment%2Fen%2Fclinic%2Fsearch' target='_blank'><strong>Juneau Urgent and Family Care</strong></a>,"8505 Old Dairy Rd, Juneau 99801",12,"Johnson & Johnson, Pfizer"
7/29,<a href='https://myhealth.alaska.gov/appointment/en/client/registration?clinic_id=2751&find_label=find_location&return_to=%2Fappointment%2Fen%2Fclinic%2Fsearch' target='_blank'><strong>Elizabeth DeSchweinitz MD</strong></a>,"9500 Independence Dr STE 700, Anchorage 99507",12,Pfizer
7/29,<a href='https://myhealth.alaska.gov/appointment/en/client/registration?clinic_id=2831&find_label=find_location&return_to=%2Fappointment%2Fen%2Fclinic%2Fsearch' target='_blank'><strong>Juneau Urgent and Family Care</strong></a>,"8505 Old Dairy Rd, Juneau 99801",12,"Johnson & Johnson, Moderna, Pfizer"
7/30,<a href='https://myhealth.alaska.gov/appointment/en/client/registration?clinic_id=2832&find_label=find_location&return_to=%2Fappointment%2Fen%2Fclinic%2Fsearch' target='_blank'><strong>Juneau Urgent and Family Care</strong></a>,"8505 Old Dairy Rd, Juneau 99801",12,"Johnson & Johnson, Pfizer"
7/31,<a href='https://myhealth.alaska.gov/appointment/en/client/registration?clinic_id=2833&find_label=find_location&return_to=%2Fappointment%2Fen%2Fclinic%2Fsearch' target='_blank'><strong>Juneau Urgent and Family Care</strong></a>,"8505 Old Dairy Rd, Juneau 99801",12,"Johnson & Johnson, Moderna, Pfizer"
7/16,<a href='https://myhealth.alaska.gov/appointment/en/client/registration?clinic_id=2722&find_label=find_location&return_to=%2Fappointment%2Fen%2Fclinic%2Fsearch' target='_blank'><strong>Juneau Urgent and Family Care</strong></a>,"8505 Old Dairy Rd, Juneau 99801",11,"Johnson & Johnson, Pfizer"
7/17,<a href='https://myhealth.alaska.gov/appointment/en/client/registration?clinic_id=2723&find_label=find_location&return_to=%2Fappointment%2Fen%2Fclinic%2Fsearch' target='_blank'><strong>Juneau Urgent and Family Care</strong></a>,"8505 Old Dairy Rd, Juneau 99801",11,"Johnson & Johnson, Moderna, Pfizer"
7/20,<a href='https://myhealth.alaska.gov/appointment/en/client/registration?clinic_id=2744&find_label=find_location&return_to=%2Fappointment%2Fen%2Fclinic%2Fsearch' target='_blank'><strong>Elizabeth DeSchweinitz MD</strong></a>,"9500 Independence Dr STE 700, Anchorage 99507",11,Pfizer
7/22,<a href='https://myhealth.alaska.gov/appointment/en/client/registration?clinic_id=2739&find_label=find_location&return_to=%2Fappointment%2Fen%2Fclinic%2Fsearch' target='_blank'><strong>Juneau Urgent and Family Care</strong></a>,"8505 Old Dairy Rd, Juneau 99801",11,"Johnson & Johnson, Moderna, Pfizer"
7/29,<a href='https://myhealth.alaska.gov/appointment/en/client/registration?clinic_id=2752&find_label=find_location&return_to=%2Fappointment%2Fen%2Fclinic%2Fsearch' target='_blank'><strong>Elizabeth DeSchweinitz MD</strong></a>,"9500 Independence Dr STE 700, Anchorage 99507",11,Pfizer
7/19,<a href='https://myhealth.alaska.gov/appointment/en/client/registration?clinic_id=2475&find_label=find_location&return_to=%2Fappointment%2Fen%2Fclinic%2Fsearch' target='_blank'><strong>Ketchikan Public Health Center</strong></a>,"605 gateway ct, Ketchikan 99901",10,Moderna
7/21,<a href='https://myhealth.alaska.gov/appointment/en/client/registration?clinic_id=2810&find_label=find_location&return_to=%2Fappointment%2Fen%2Fclinic%2Fsearch' target='_blank'><strong>Denali Pharmacy - Fairbanks Memorial Hospital</strong></a>,"1650 Cowles Street, Fairbanks 99701",10,Moderna
7/22,<a href='https://myhealth.alaska.gov/appointment/en/client/registration?clinic_id=2747&find_label=find_location&return_to=%2Fappointment%2Fen%2Fclinic%2Fsearch' target='_blank'><strong>Elizabeth DeSchweinitz MD</strong></a>,"9500 Independence Dr STE 700, Anchorage 99507",10,Pfizer
7/28,<a href='https://myhealth.alaska.gov/appointment/en/client/registration?clinic_id=2811&find_label=find_location&return_to=%2Fappointment%2Fen%2Fclinic%2Fsearch' target='_blank'><strong>Denali Pharmacy - Fairbanks Memorial Hospital</strong></a>,"1650 Cowles Street, Fairbanks 99701",10,Moderna
7/29,<a href='https://myhealth.alaska.gov/appointment/en/client/registration?clinic_id=2820&find_label=find_location&return_to=%2Fappointment%2Fen%2Fclinic%2Fsearch' target='_blank'><strong>Denali Pharmacy - Fairbanks Memorial Hospital</strong></a>,"1650 Cowles Street, Fairbanks 99701",10,Johnson & Johnson
7/30,<a href='https://myhealth.alaska.gov/appointment/en/client/registration?clinic_id=2480&find_label=find_location&return_to=%2Fappointment%2Fen%2Fclinic%2Fsearch' target='_blank'><strong>Ketchikan Public Health Center</strong></a>,"605 Gateway Court, Ketchikan 99901",10,Pfizer
7/30,<a href='https://myhealth.alaska.gov/appointment/en/client/registration?clinic_id=2812&find_label=find_location&return_to=%2Fappointment%2Fen%2Fclinic%2Fsearch' target='_blank'><strong>Denali Pharmacy - Fairbanks Memorial Hospital</strong></a>,"1650 Cowles Street, Fairbanks 99701",10,Moderna
8/02,<a href='https://myhealth.alaska.gov/appointment/en/client/registration?clinic_id=2813&find_label=find_location&return_to=%2Fappointment%2Fen%2Fclinic%2Fsearch' target='_blank'><strong>Denali Pharmacy - Fairbanks Memorial Hospital</strong></a>,"1650 Cowles Street, Fairbanks 99701",10,Moderna
8/04,<a href='https://myhealth.alaska.gov/appointment/en/client/registration?clinic_id=2814&find_label=find_location&return_to=%2Fappointment%2Fen%2Fclinic%2Fsearch' target='_blank'><strong>Denali Pharmacy - Fairbanks Memorial Hospital</strong></a>,"1650 Cowles Street, Fairbanks 99701",10,Moderna
8/09,<a href='https://myhealth.alaska.gov/appointment/en/client/registration?clinic_id=2815&find_label=find_location&return_to=%2Fappointment%2Fen%2Fclinic%2Fsearch' target='_blank'><strong>Denali Pharmacy - Fairbanks Memorial Hospital</strong></a>,"1650 Cowles Street, Fairbanks 99701",10,Moderna
8/11,<a href='https://myhealth.alaska.gov/appointment/en/client/registration?clinic_id=2816&find_label=find_location&return_to=%2Fappointment%2Fen%2Fclinic%2Fsearch' target='_blank'><strong>Denali Pharmacy - Fairbanks Memorial Hospital</strong></a>,"1650 Cowles Street, Fairbanks 99701",10,Moderna
7/16,<a href='https://myhealth.alaska.gov/appointment/en/client/registration?clinic_id=2917&find_label=find_location&return_to=%2Fappointment%2Fen%2Fclinic%2Fsearch' target='_blank'><strong>Harry Race Pharmacy</strong></a>,"106 Lincoln St, Sitka 99835",1,Pfizer
7/16,<a href='https://myhealth.alaska.gov/appointment/en/client/registration?clinic_id=2919&find_label=find_location&return_to=%2Fappointment%2Fen%2Fclinic%2Fsearch' target='_blank'><strong>Harry Race Pharmacy</strong></a>,"106 Lincoln St, Sitka 99835",1,Johnson & Johnson
7/18,<a href='https://myhealth.alaska.gov/appointment/en/client/registration?clinic_id=2819&find_label=find_location&return_to=%2Fappointment%2Fen%2Fclinic%2Fsearch' target='_blank'><strong>Denali Pharmacy - Fairbanks Memorial Hospital</strong></a>,"1650 Cowles Street, Fairbanks 99701",1,Johnson & Johnson
7/15,<a href='https://www.visithealth.covidsecureapp.com/anchorage-vaccinations.html' target='_blank'><strong>Blood Bank of Alaska by Visit Healthcare </strong></a>,"1215 Airport Heights Dr,  Anchorage 99508",234,Pfizer Moderna
7/15,<a href='https://www.visithealth.covidsecureapp.com/anchorage-vaccinations.html' target='_blank'><strong>Dimond Center by Visit Healthcare </strong></a>,"800 E Dimond Suite #199,  Anchorage 99515",147,Pfizer Moderna
7/15,<a href='https://www.visithealth.covidsecureapp.com/anchorage-vaccinations.html' target='_blank'><strong>Dimond Center by Visit Healthcare </strong></a>,"800 E Dimond Suite #199,  Anchorage 99515",144,Pfizer Moderna
7/15,<a href='https://www.visithealth.covidsecureapp.com/anchorage-vaccinations.html' target='_blank'><strong>Dempsey Anderson Ice Rink Drive Thru by Visit Healthcare</strong></a>,"1741 W Northern Lights ,  Anchorage 99517",141,Pfizer Moderna
7/15,<a href='https://www.visithealth.covidsecureapp.com/anchorage-vaccinations.html' target='_blank'><strong>Spenard Food Truck Carnival by Visit Healthcare  </strong></a>,"2435 Spenard Rd,  Anchorage 99503",29,Pfizer Moderna
7/16,<a href='https://www.visithealth.covidsecureapp.com/anchorage-vaccinations.html' target='_blank'><strong>Blood Bank of Alaska by Visit Healthcare </strong></a>,"1215 Airport Heights Dr,  Anchorage 99508",237,Pfizer Moderna
7/16,<a href='https://www.visithealth.covidsecureapp.com/anchorage-vaccinations.html' target='_blank'><strong>Dimond Center by Visit Healthcare </strong></a>,"800 E Dimond Suite #199,  Anchorage 99515",297,Pfizer Moderna
7/16,<a href='https://www.visithealth.covidsecureapp.com/anchorage-vaccinations.html' target='_blank'><strong>Northway Mall Drive-Thru by Visit Healthcare </strong></a>,"3101 Penland Pkway,  Anchorage 99508",190,Pfizer Moderna
7/16,<a href='https://www.visithealth.covidsecureapp.com/anchorage-vaccinations.html' target='_blank'><strong>Dempsey Anderson Ice Rink Drive Thru by Visit Healthcare</strong></a>,"1741 W Northern Lights ,  Anchorage 99517",143,Pfizer Moderna
7/16,<a href='https://www.visithealth.covidsecureapp.com/anchorage-vaccinations.html' target='_blank'><strong>Anchorage Market by Visit Healthcare </strong></a>,"800 E Dimond BLVD,  Anchorage 99515",37,Pfizer Moderna
7/16,<a href='https://www.visithealth.covidsecureapp.com/anchorage-vaccinations.html' target='_blank'><strong>Matanuska Brewing Company </strong></a>,"11901 Old Glenn Hwy,  Anchorage 99577",30,Pfizer Moderna
7/16,<a href='https://www.visithealth.covidsecureapp.com/anchorage-vaccinations.html' target='_blank'><strong>Anchorage Cider House & Fat Ptarmigan by Visit Healthcare </strong></a>,"441 W 5th Ave STE 100,  Anchorage 99501",30,Pfizer Moderna
7/16,<a href='https://www.visithealth.covidsecureapp.com/anchorage-vaccinations.html' target='_blank'><strong>5th Avenue Mall by Visit Healthcare </strong></a>,"320 W 5th Ave,  Anchorage 99501",38,Pfizer Moderna
7/17,<a href='https://www.visithealth.covidsecureapp.com/anchorage-vaccinations.html' target='_blank'><strong>Dimond Center by Visit Healthcare </strong></a>,"800 E Dimond Suite #199,  Anchorage 99515",300,Pfizer Moderna
7/17,<a href='https://www.visithealth.covidsecureapp.com/anchorage-vaccinations.html' target='_blank'><strong>Northway Mall Drive-Thru by Visit Healthcare </strong></a>,"3101 Penland Pkway,  Anchorage 99508",191,Pfizer Moderna
7/17,<a href='https://www.visithealth.covidsecureapp.com/anchorage-vaccinations.html' target='_blank'><strong>Anchorage Market by Visit Healthcare </strong></a>,"800 E Dimond BLVD,  Anchorage 99515",40,Pfizer Moderna
7/17,<a href='https://www.visithealth.covidsecureapp.com/anchorage-vaccinations.html' target='_blank'><strong>Bear Paw Festival by Visit Healthcare  </strong></a>,"12001 Business Blvd,  Anchorage 99577",40,Pfizer Moderna
7/17,<a href='https://www.visithealth.covidsecureapp.com/anchorage-vaccinations.html' target='_blank'><strong>Matanuska Brewing Company </strong></a>,"11901 Old Glenn Hwy,  Anchorage 99577",30,Pfizer Moderna
7/17,<a href='https://www.visithealth.covidsecureapp.com/anchorage-vaccinations.html' target='_blank'><strong>Salsa in the Park by Visit Health </strong></a>,"Town Square Park,  Anchorage 99501",30,Pfizer Moderna
7/17,<a href='https://www.visithealth.covidsecureapp.com/anchorage-vaccinations.html' target='_blank'><strong>5th Avenue Mall by Visit Healthcare </strong></a>,"320 W 5th Ave,  Anchorage 99501",37,Pfizer Moderna
7/18,<a href='https://www.visithealth.covidsecureapp.com/anchorage-vaccinations.html' target='_blank'><strong>Dimond Center by Visit Healthcare </strong></a>,"800 E Dimond Suite #199,  Anchorage 99515",298,Pfizer Moderna
7/18,<a href='https://www.visithealth.covidsecureapp.com/anchorage-vaccinations.html' target='_blank'><strong>Northway Mall Drive-Thru by Visit Healthcare </strong></a>,"3101 Penland Pkway,  Anchorage 99508",192,Pfizer Moderna
7/18,<a href='https://www.visithealth.covidsecureapp.com/anchorage-vaccinations.html' target='_blank'><strong>Anchorage Market by Visit Healthcare </strong></a>,"800 E Dimond BLVD,  Anchorage 99515",40,Pfizer Moderna
7/18,<a href='https://www.visithealth.covidsecureapp.com/anchorage-vaccinations.html' target='_blank'><strong>Bear Paw Festival by Visit Healthcare  </strong></a>,"12001 Business Blvd,  Anchorage 99577",39,Pfizer Moderna
7/18,<a href='https://www.visithealth.covidsecureapp.com/anchorage-vaccinations.html' target='_blank'><strong>Matanuska Brewing Company </strong></a>,"11901 Old Glenn Hwy,  Anchorage 99577",30,Pfizer Moderna
7/18,<a href='https://www.visithealth.covidsecureapp.com/anchorage-vaccinations.html' target='_blank'><strong>5th Avenue Mall by Visit Healthcare </strong></a>,"320 W 5th Ave,  Anchorage 99501",37,Pfizer Moderna
7/19,<a href='https://www.visithealth.covidsecureapp.com/anchorage-vaccinations.html' target='_blank'><strong>Blood Bank of Alaska by Visit Healthcare </strong></a>,"1215 Airport Heights Dr,  Anchorage 99508",239,Pfizer Moderna
7/19,<a href='https://www.visithealth.covidsecureapp.com/anchorage-vaccinations.html' target='_blank'><strong>Blood Bank of Alaska by Visit Healthcare </strong></a>,"1215 Airport Heights Dr,  Anchorage 99508",238,Pfizer Moderna
7/19,<a href='https://www.visithealth.covidsecureapp.com/anchorage-vaccinations.html' target='_blank'><strong>Dimond Center by Visit Healthcare </strong></a>,"800 E Dimond Suite #199,  Anchorage 99515",147,Pfizer Moderna
7/19,<a href='https://www.visithealth.covidsecureapp.com/anchorage-vaccinations.html' target='_blank'><strong>Northway Mall Drive-Thru by Visit Healthcare </strong></a>,"3101 Penland Pkway,  Anchorage 99508",192,Pfizer Moderna
7/20,<a href='https://www.visithealth.covidsecureapp.com/anchorage-vaccinations.html' target='_blank'><strong>Blood Bank of Alaska by Visit Healthcare </strong></a>,"1215 Airport Heights Dr,  Anchorage 99508",240,Pfizer Moderna
7/20,<a href='https://www.visithealth.covidsecureapp.com/anchorage-vaccinations.html' target='_blank'><strong>Dimond Center by Visit Healthcare </strong></a>,"800 E Dimond Suite #199,  Anchorage 99515",149,Pfizer Moderna
7/20,<a href='https://www.visithealth.covidsecureapp.com/anchorage-vaccinations.html' target='_blank'><strong>Dempsey Anderson Ice Rink Drive Thru by Visit Healthcare</strong></a>,"1741 W Northern Lights ,  Anchorage 99517",144,Pfizer Moderna
7/20,<a href='https://www.visithealth.covidsecureapp.com/anchorage-vaccinations.html' target='_blank'><strong>Dempsey Anderson Ice Rink Drive Thru by Visit Healthcare</strong></a>,"1741 W Northern Lights ,  Anchorage 99517",144,Pfizer Moderna
7/21,<a href='https://www.visithealth.covidsecureapp.com/anchorage-vaccinations.html' target='_blank'><strong>Blood Bank of Alaska by Visit Healthcare </strong></a>,"1215 Airport Heights Dr,  Anchorage 99508",240,Pfizer Moderna
7/21,<a href='https://www.visithealth.covidsecureapp.com/anchorage-vaccinations.html' target='_blank'><strong>Dimond Center by Visit Healthcare </strong></a>,"800 E Dimond Suite #199,  Anchorage 99515",150,Pfizer Moderna
7/21,<a href='https://www.visithealth.covidsecureapp.com/anchorage-vaccinations.html' target='_blank'><strong>Dempsey Anderson Ice Rink Drive Thru by Visit Healthcare</strong></a>,"1741 W Northern Lights ,  Anchorage 99517",143,Pfizer Moderna
7/22,<a href='https://www.visithealth.covidsecureapp.com/anchorage-vaccinations.html' target='_blank'><strong>Blood Bank of Alaska by Visit Healthcare </strong></a>,"1215 Airport Heights Dr,  Anchorage 99508",240,Pfizer Moderna
7/22,<a href='https://www.visithealth.covidsecureapp.com/anchorage-vaccinations.html' target='_blank'><strong>Dimond Center by Visit Healthcare </strong></a>,"800 E Dimond Suite #199,  Anchorage 99515",150,Pfizer Moderna
7/22,<a href='https://www.visithealth.covidsecureapp.com/anchorage-vaccinations.html' target='_blank'><strong>Dempsey Anderson Ice Rink Drive Thru by Visit Healthcare</strong></a>,"1741 W Northern Lights ,  Anchorage 99517",144,Pfizer Moderna
7/22,<a href='https://www.visithealth.covidsecureapp.com/anchorage-vaccinations.html' target='_blank'><strong>Spenard Food Truck Carnival by Visit Healthcare  </strong></a>,"2435 Spenard Rd,  Anchorage 99503",30,Pfizer Moderna
7/23,<a href='https://www.visithealth.covidsecureapp.com/anchorage-vaccinations.html' target='_blank'><strong>Blood Bank of Alaska by Visit Healthcare </strong></a>,"1215 Airport Heights Dr,  Anchorage 99508",240,Pfizer Moderna
7/23,<a href='https://www.visithealth.covidsecureapp.com/anchorage-vaccinations.html' target='_blank'><strong>Dimond Center by Visit Healthcare </strong></a>,"800 E Dimond Suite #199,  Anchorage 99515",300,Pfizer Moderna
7/23,<a href='https://www.visithealth.covidsecureapp.com/anchorage-vaccinations.html' target='_blank'><strong>Northway Mall Drive-Thru by Visit Healthcare </strong></a>,"3101 Penland Pkway,  Anchorage 99508",192,Pfizer Moderna
7/23,<a href='https://www.visithealth.covidsecureapp.com/anchorage-vaccinations.html' target='_blank'><strong>Dempsey Anderson Ice Rink Drive Thru by Visit Healthcare</strong></a>,"1741 W Northern Lights ,  Anchorage 99517",144,Pfizer Moderna
7/23,<a href='https://www.visithealth.covidsecureapp.com/anchorage-vaccinations.html' target='_blank'><strong>Anchorage Market by Visit Healthcare </strong></a>,"800 E Dimond BLVD,  Anchorage 99515",39,Pfizer Moderna
7/23,<a href='https://www.visithealth.covidsecureapp.com/anchorage-vaccinations.html' target='_blank'><strong>5th Avenue Mall by Visit Healthcare </strong></a>,"320 W 5th Ave,  Anchorage 99501",40,Pfizer Moderna
7/24,<a href='https://www.visithealth.covidsecureapp.com/anchorage-vaccinations.html' target='_blank'><strong>Dimond Center by Visit Healthcare </strong></a>,"800 E Dimond Suite #199,  Anchorage 99515",298,Pfizer Moderna
7/24,<a href='https://www.visithealth.covidsecureapp.com/anchorage-vaccinations.html' target='_blank'><strong>Northway Mall Drive-Thru by Visit Healthcare </strong></a>,"3101 Penland Pkway,  Anchorage 99508",192,Pfizer Moderna
7/24,<a href='https://www.visithealth.covidsecureapp.com/anchorage-vaccinations.html' target='_blank'><strong>Anchorage Market by Visit Healthcare </strong></a>,"800 E Dimond BLVD,  Anchorage 99515",40,Pfizer Moderna
7/24,<a href='https://www.visithealth.covidsecureapp.com/anchorage-vaccinations.html' target='_blank'><strong>5th Avenue Mall by Visit Healthcare </strong></a>,"320 W 5th Ave,  Anchorage 99501",40,Pfizer Moderna
7/25,<a href='https://www.visithealth.covidsecureapp.com/anchorage-vaccinations.html' target='_blank'><strong>Dimond Center by Visit Healthcare </strong></a>,"800 E Dimond Suite #199,  Anchorage 99515",300,Pfizer Moderna
7/25,<a href='https://www.visithealth.covidsecureapp.com/anchorage-vaccinations.html' target='_blank'><strong>Northway Mall Drive-Thru by Visit Healthcare </strong></a>,"3101 Penland Pkway,  Anchorage 99508",191,Pfizer Moderna
7/25,<a href='https://www.visithealth.covidsecureapp.com/anchorage-vaccinations.html' target='_blank'><strong>Anchorage Market by Visit Healthcare </strong></a>,"800 E Dimond BLVD,  Anchorage 99515",40,Pfizer Moderna
7/25,<a href='https://www.visithealth.covidsecureapp.com/anchorage-vaccinations.html' target='_blank'><strong>5th Avenue Mall by Visit Healthcare </strong></a>,"320 W 5th Ave,  Anchorage 99501",40,Pfizer Moderna
7/26,<a href='https://www.visithealth.covidsecureapp.com/anchorage-vaccinations.html' target='_blank'><strong>Blood Bank of Alaska by Visit Healthcare </strong></a>,"1215 Airport Heights Dr,  Anchorage 99508",240,Pfizer Moderna
7/26,<a href='https://www.visithealth.covidsecureapp.com/anchorage-vaccinations.html' target='_blank'><strong>Dimond Center by Visit Healthcare </strong></a>,"800 E Dimond Suite #199,  Anchorage 99515",150,Pfizer Moderna
7/26,<a href='https://www.visithealth.covidsecureapp.com/anchorage-vaccinations.html' target='_blank'><strong>Northway Mall Drive-Thru by Visit Healthcare </strong></a>,"3101 Penland Pkway,  Anchorage 99508",192,Pfizer Moderna
7/27,<a href='https://www.visithealth.covidsecureapp.com/anchorage-vaccinations.html' target='_blank'><strong>Blood Bank of Alaska by Visit Healthcare </strong></a>,"1215 Airport Heights Dr,  Anchorage 99508",239,Pfizer Moderna
7/27,<a href='https://www.visithealth.covidsecureapp.com/anchorage-vaccinations.html' target='_blank'><strong>Loussac Library Walk-in Clinic by Visit Healthcare </strong></a>,"3600 Denali Rd,  Anchorage 99503",40,Pfizer
7/27,<a href='https://www.visithealth.covidsecureapp.com/anchorage-vaccinations.html' target='_blank'><strong>Dimond Center by Visit Healthcare </strong></a>,"800 E Dimond Suite #199,  Anchorage 99515",150,Pfizer Moderna
7/27,<a href='https://www.visithealth.covidsecureapp.com/anchorage-vaccinations.html' target='_blank'><strong>Dempsey Anderson Ice Rink Drive Thru by Visit Healthcare</strong></a>,"1741 W Northern Lights ,  Anchorage 99517",144,Pfizer Moderna
7/27,<a href='https://www.visithealth.covidsecureapp.com/anchorage-vaccinations.html' target='_blank'><strong>Spenard Food Truck Carnival by Visit Healthcare  </strong></a>,"2435 Spenard Rd,  Anchorage 99503",30,Pfizer Moderna
7/28,<a href='https://www.visithealth.covidsecureapp.com/anchorage-vaccinations.html' target='_blank'><strong>Blood Bank of Alaska by Visit Healthcare </strong></a>,"1215 Airport Heights Dr,  Anchorage 99508",240,Pfizer Moderna
7/28,<a href='https://www.visithealth.covidsecureapp.com/anchorage-vaccinations.html' target='_blank'><strong>Dimond Center by Visit Healthcare </strong></a>,"800 E Dimond Suite #199,  Anchorage 99515",150,Pfizer Moderna
7/28,<a href='https://www.visithealth.covidsecureapp.com/anchorage-vaccinations.html' target='_blank'><strong>Dempsey Anderson Ice Rink Drive Thru by Visit Healthcare</strong></a>,"1741 W Northern Lights ,  Anchorage 99517",144,Pfizer Moderna
7/29,<a href='https://www.visithealth.covidsecureapp.com/anchorage-vaccinations.html' target='_blank'><strong>Blood Bank of Alaska by Visit Healthcare </strong></a>,"1215 Airport Heights Dr,  Anchorage 99508",240,Pfizer Moderna
7/29,<a href='https://www.visithealth.covidsecureapp.com/anchorage-vaccinations.html' target='_blank'><strong>Dimond Center by Visit Healthcare </strong></a>,"800 E Dimond Suite #199,  Anchorage 99515",150,Pfizer Moderna
7/29,<a href='https://www.visithealth.covidsecureapp.com/anchorage-vaccinations.html' target='_blank'><strong>Dempsey Anderson Ice Rink Drive Thru by Visit Healthcare</strong></a>,"1741 W Northern Lights ,  Anchorage 99517",144,Pfizer Moderna
7/29,<a href='https://www.visithealth.covidsecureapp.com/anchorage-vaccinations.html' target='_blank'><strong>Spenard Food Truck Carnival by Visit Healthcare  </strong></a>,"2435 Spenard Rd,  Anchorage 99503",30,Pfizer Moderna
7/30,<a href='https://www.visithealth.covidsecureapp.com/anchorage-vaccinations.html' target='_blank'><strong>Blood Bank of Alaska by Visit Healthcare </strong></a>,"1215 Airport Heights Dr,  Anchorage 99508",240,Pfizer Moderna
7/30,<a href='https://www.visithealth.covidsecureapp.com/anchorage-vaccinations.html' target='_blank'><strong>Dimond Center by Visit Healthcare </strong></a>,"800 E Dimond Suite #199,  Anchorage 99515",300,Pfizer Moderna
7/30,<a href='https://www.visithealth.covidsecureapp.com/anchorage-vaccinations.html' target='_blank'><strong>Northway Mall Drive-Thru by Visit Healthcare </strong></a>,"3101 Penland Pkway,  Anchorage 99508",192,Pfizer Moderna
7/30,<a href='https://www.visithealth.covidsecureapp.com/anchorage-vaccinations.html' target='_blank'><strong>Dempsey Anderson Ice Rink Drive Thru by Visit Healthcare</strong></a>,"1741 W Northern Lights ,  Anchorage 99517",144,Pfizer Moderna
7/30,<a href='https://www.visithealth.covidsecureapp.com/anchorage-vaccinations.html' target='_blank'><strong>Anchorage Market by Visit Healthcare </strong></a>,"800 E Dimond BLVD,  Anchorage 99515",40,Pfizer Moderna
7/30,<a href='https://www.visithealth.covidsecureapp.com/anchorage-vaccinations.html' target='_blank'><strong>5th Avenue Mall by Visit Healthcare </strong></a>,"320 W 5th Ave,  Anchorage 99501",39,Pfizer Moderna
7/31,<a href='https://www.visithealth.covidsecureapp.com/anchorage-vaccinations.html' target='_blank'><strong>Loussac Library Walk-in Clinic by Visit Healthcare </strong></a>,"3600 Denali Rd,  Anchorage 99503",40,Pfizer
7/31,<a href='https://www.visithealth.covidsecureapp.com/anchorage-vaccinations.html' target='_blank'><strong>Dimond Center by Visit Healthcare </strong></a>,"800 E Dimond Suite #199,  Anchorage 99515",300,Pfizer Moderna
7/31,<a href='https://www.visithealth.covidsecureapp.com/anchorage-vaccinations.html' target='_blank'><strong>Anchorage Market by Visit Healthcare </strong></a>,"800 E Dimond BLVD,  Anchorage 99515",40,Pfizer Moderna
7/31,<a href='https://www.visithealth.covidsecureapp.com/anchorage-vaccinations.html' target='_blank'><strong>Spenard Food Truck Carnival by Visit Healthcare  </strong></a>,"2435 Spenard Rd,  Anchorage 99503",30,Pfizer Moderna
7/31,<a href='https://www.visithealth.covidsecureapp.com/anchorage-vaccinations.html' target='_blank'><strong>5th Avenue Mall by Visit Healthcare </strong></a>,"320 W 5th Ave,  Anchorage 99501",40,Pfizer Moderna
8/01,<a href='https://www.visithealth.covidsecureapp.com/anchorage-vaccinations.html' target='_blank'><strong>Northway Mall Drive-Thru by Visit Healthcare </strong></a>,"3101 Penland Pkway,  Anchorage 99508",192,Pfizer Moderna
8/02,<a href='https://www.visithealth.covidsecureapp.com/anchorage-vaccinations.html' target='_blank'><strong>Northway Mall Drive-Thru by Visit Healthcare </strong></a>,"3101 Penland Pkway,  Anchorage 99508",192,Pfizer Moderna
8/03,<a href='https://www.visithealth.covidsecureapp.com/anchorage-vaccinations.html' target='_blank'><strong>Dempsey Anderson Ice Rink Drive Thru by Visit Healthcare</strong></a>,"1741 W Northern Lights ,  Anchorage 99517",144,Pfizer Moderna
8/04,<a href='https://www.visithealth.covidsecureapp.com/anchorage-vaccinations.html' target='_blank'><strong>Dempsey Anderson Ice Rink Drive Thru by Visit Healthcare</strong></a>,"1741 W Northern Lights ,  Anchorage 99517",144,Pfizer Moderna
8/05,<a href='https://www.visithealth.covidsecureapp.com/anchorage-vaccinations.html' target='_blank'><strong>Dempsey Anderson Ice Rink Drive Thru by Visit Healthcare</strong></a>,"1741 W Northern Lights ,  Anchorage 99517",144,Pfizer Moderna
8/06,<a href='https://www.visithealth.covidsecureapp.com/anchorage-vaccinations.html' target='_blank'><strong>Northway Mall Drive-Thru by Visit Healthcare </strong></a>,"3101 Penland Pkway,  Anchorage 99508",192,Pfizer Moderna
8/06,<a href='https://www.visithealth.covidsecureapp.com/anchorage-vaccinations.html' target='_blank'><strong>Dempsey Anderson Ice Rink Drive Thru by Visit Healthcare</strong></a>,"1741 W Northern Lights ,  Anchorage 99517",144,Pfizer Moderna
8/07,<a href='https://www.visithealth.covidsecureapp.com/anchorage-vaccinations.html' target='_blank'><strong>Northway Mall Drive-Thru by Visit Healthcare </strong></a>,"3101 Penland Pkway,  Anchorage 99508",192,Pfizer Moderna
8/08,<a href='https://www.visithealth.covidsecureapp.com/anchorage-vaccinations.html' target='_blank'><strong>Loussac Library Walk-in Clinic by Visit Healthcare </strong></a>,"3600 Denali Rd,  Anchorage 99503",40,Pfizer
8/08,<a href='https://www.visithealth.covidsecureapp.com/anchorage-vaccinations.html' target='_blank'><strong>Northway Mall Drive-Thru by Visit Healthcare </strong></a>,"3101 Penland Pkway,  Anchorage 99508",192,Pfizer Moderna
8/09,<a href='https://www.visithealth.covidsecureapp.com/anchorage-vaccinations.html' target='_blank'><strong>Northway Mall Drive-Thru by Visit Healthcare </strong></a>,"3101 Penland Pkway,  Anchorage 99508",192,Pfizer Moderna
8/10,<a href='https://www.visithealth.covidsecureapp.com/anchorage-vaccinations.html' target='_blank'><strong>Loussac Library Walk-in Clinic by Visit Healthcare </strong></a>,"3600 Denali Rd,  Anchorage 99503",40,Pfizer
8/13,<a href='https://www.visithealth.covidsecureapp.com/anchorage-vaccinations.html' target='_blank'><strong>Northway Mall Drive-Thru by Visit Healthcare </strong></a>,"3101 Penland Pkway,  Anchorage 99508",192,Pfizer Moderna
8/14,<a href='https://www.visithealth.covidsecureapp.com/anchorage-vaccinations.html' target='_blank'><strong>Northway Mall Drive-Thru by Visit Healthcare </strong></a>,"3101 Penland Pkway,  Anchorage 99508",192,Pfizer Moderna
8/15,<a href='https://www.visithealth.covidsecureapp.com/anchorage-vaccinations.html' target='_blank'><strong>Northway Mall Drive-Thru by Visit Healthcare </strong></a>,"3101 Penland Pkway,  Anchorage 99508",192,Pfizer Moderna
8/16,<a href='https://www.visithealth.covidsecureapp.com/anchorage-vaccinations.html' target='_blank'><strong>Northway Mall Drive-Thru by Visit Healthcare </strong></a>,"3101 Penland Pkway,  Anchorage 99508",192,Pfizer Moderna
8/20,<a href='https://www.visithealth.covidsecureapp.com/anchorage-vaccinations.html' target='_blank'><strong>Northway Mall Drive-Thru by Visit Healthcare </strong></a>,"3101 Penland Pkway,  Anchorage 99508",192,Pfizer Moderna
8/21,<a href='https://www.visithealth.covidsecureapp.com/anchorage-vaccinations.html' target='_blank'><strong>Northway Mall Drive-Thru by Visit Healthcare </strong></a>,"3101 Penland Pkway,  Anchorage 99508",192,Pfizer Moderna
8/22,<a href='https://www.visithealth.covidsecureapp.com/anchorage-vaccinations.html' target='_blank'><strong>Northway Mall Drive-Thru by Visit Healthcare </strong></a>,"3101 Penland Pkway,  Anchorage 99508",192,Pfizer Moderna
7/15,<a href='https://www.covidsecureapp.com/capstonevax.html' target='_blank'><strong>Fairbanks Drive Thru </strong></a>,"3121 Airport Way, Fairbanks, 99709",193,Pfizer
7/16,<a href='https://www.covidsecureapp.com/capstonevax.html' target='_blank'><strong>North Pole Drive Thru </strong></a>,"301 N Santa Claus Lane, North Pole, 99705",40,NA
7/20,<a href='https://www.covidsecureapp.com/capstonevax.html' target='_blank'><strong>Fairbanks Drive Thru </strong></a>,"3121 Airport Way, Fairbanks, 99709",193,Pfizer
7/21,<a href='https://www.covidsecureapp.com/capstonevax.html' target='_blank'><strong>Curyung Covid Response Center </strong></a>,"390 W D St, Diilingham, 99576",20,NA
7/22,<a href='https://www.covidsecureapp.com/capstonevax.html' target='_blank'><strong>Fairbanks Drive Thru </strong></a>,"3121 Airport Way, Fairbanks, 99709",192,Pfizer
7/23,<a href='https://www.covidsecureapp.com/capstonevax.html' target='_blank'><strong>North Pole Drive Thru </strong></a>,"301 N Santa Claus Lane, North Pole, 99705",40,NA
7/27,<a href='https://www.covidsecureapp.com/capstonevax.html' target='_blank'><strong>Fairbanks Drive Thru </strong></a>,"3121 Airport Way, Fairbanks, 99709",193,Pfizer
7/28,<a href='https://www.covidsecureapp.com/capstonevax.html' target='_blank'><strong>Curyung Covid Response Center </strong></a>,"390 W D St, Diilingham, 99576",20,NA
7/29,<a href='https://www.covidsecureapp.com/capstonevax.html' target='_blank'><strong>Fairbanks Drive Thru </strong></a>,"3121 Airport Way, Fairbanks, 99709",193,Pfizer
7/30,<a href='https://www.covidsecureapp.com/capstonevax.html' target='_blank'><strong>North Pole Drive Thru </strong></a>,"301 N Santa Claus Lane, North Pole, 99705",40,NA
8/02,<a href='https://www.covidsecureapp.com/capstonevax.html' target='_blank'><strong>North Pole Drive Thru </strong></a>,"301 N Santa Claus Lane, North Pole, 99705",40,NA
8/03,<a href='https://www.covidsecureapp.com/capstonevax.html' target='_blank'><strong>Fairbanks Drive Thru </strong></a>,"3121 Airport Way, Fairbanks, 99709",193,Pfizer
8/04,<a href='https://www.covidsecureapp.com/capstonevax.html' target='_blank'><strong>North Pole Drive Thru </strong></a>,"301 N Santa Claus Lane, North Pole, 99705",40,NA
8/05,<a href='https://www.covidsecureapp.com/capstonevax.html' target='_blank'><strong>Fairbanks Drive Thru </strong></a>,"3121 Airport Way, Fairbanks, 99709",193,Pfizer
8/06,<a href='https://www.covidsecureapp.com/capstonevax.html' target='_blank'><strong>North Pole Drive Thru </strong></a>,"301 N Santa Claus Lane, North Pole, 99705",40,NA
8/09,<a href='https://www.covidsecureapp.com/capstonevax.html' target='_blank'><strong>North Pole Drive Thru </strong></a>,"301 N Santa Claus Lane, North Pole, 99705",40,NA
8/10,<a href='https://www.covidsecureapp.com/capstonevax.html' target='_blank'><strong>Fairbanks Drive Thru </strong></a>,"3121 Airport Way, Fairbanks, 99709",193,Pfizer
8/11,<a href='https://www.covidsecureapp.com/capstonevax.html' target='_blank'><strong>North Pole Drive Thru </strong></a>,"301 N Santa Claus Lane, North Pole, 99705",40,NA
8/12,<a href='https://www.covidsecureapp.com/capstonevax.html' target='_blank'><strong>Fairbanks Drive Thru </strong></a>,"3121 Airport Way, Fairbanks, 99709",193,Pfizer
8/13,<a href='https://www.covidsecureapp.com/capstonevax.html' target='_blank'><strong>North Pole Drive Thru </strong></a>,"301 N Santa Claus Lane, North Pole, 99705",40,NA
8/16,<a href='https://www.covidsecureapp.com/capstonevax.html' target='_blank'><strong>North Pole Drive Thru </strong></a>,"301 N Santa Claus Lane, North Pole, 99705",40,NA
8/17,<a href='https://www.covidsecureapp.com/capstonevax.html' target='_blank'><strong>Fairbanks Drive Thru </strong></a>,"3121 Airport Way, Fairbanks, 99709",193,Pfizer
8/18,<a href='https://www.covidsecureapp.com/capstonevax.html' target='_blank'><strong>North Pole Drive Thru </strong></a>,"301 N Santa Claus Lane, North Pole, 99705",40,NA
8/19,<a href='https://www.covidsecureapp.com/capstonevax.html' target='_blank'><strong>Fairbanks Drive Thru </strong></a>,"3121 Airport Way, Fairbanks, 99709",193,Pfizer
8/20,<a href='https://www.covidsecureapp.com/capstonevax.html' target='_blank'><strong>North Pole Drive Thru </strong></a>,"301 N Santa Claus Lane, North Pole, 99705",40,NA
8/23,<a href='https://www.covidsecureapp.com/capstonevax.html' target='_blank'><strong>North Pole Drive Thru </strong></a>,"301 N Santa Claus Lane, North Pole, 99705",40,NA
8/24,<a href='https://www.covidsecureapp.com/capstonevax.html' target='_blank'><strong>Fairbanks Drive Thru </strong></a>,"3121 Airport Way, Fairbanks, 99709",193,Pfizer
8/25,<a href='https://www.covidsecureapp.com/capstonevax.html' target='_blank'><strong>North Pole Drive Thru </strong></a>,"301 N Santa Claus Lane, North Pole, 99705",40,NA
8/26,<a href='https://www.covidsecureapp.com/capstonevax.html' target='_blank'><strong>Fairbanks Drive Thru </strong></a>,"3121 Airport Way, Fairbanks, 99709",193,Pfizer
8/27,<a href='https://www.covidsecureapp.com/capstonevax.html' target='_blank'><strong>North Pole Drive Thru </strong></a>,"301 N Santa Claus Lane, North Pole, 99705",40,NA
8/30,<a href='https://www.covidsecureapp.com/capstonevax.html' target='_blank'><strong>North Pole Drive Thru </strong></a>,"301 N Santa Claus Lane, North Pole, 99705",40,NA
8/31,<a href='https://www.covidsecureapp.com/capstonevax.html' target='_blank'><strong>Fairbanks Drive Thru </strong></a>,"3121 Airport Way, Fairbanks, 99709",193,Pfizer
7/15,<a href='https://www.alaska.covidsecureapp.com/vaccine-appointments.html' target='_blank'><strong>Juneau International Airport </strong></a>,"1873 Shell Simmons Dr, Juneau, 99801",38,Pfizer Johnson & Johnson
7/15,<a href='https://www.alaska.covidsecureapp.com/vaccine-appointments.html' target='_blank'><strong>Fairbanks International Airport </strong></a>,"6450 Airport Way, Fairbanks, 99709",33,Pfizer
7/15,<a href='https://www.alaska.covidsecureapp.com/vaccine-appointments.html' target='_blank'><strong>Ted Stevens International Airport </strong></a>,"5000 W International Airport Rd, Anchorage, 99502",264,Pfizer Moderna Johnson & Johnson
7/16,<a href='https://www.alaska.covidsecureapp.com/vaccine-appointments.html' target='_blank'><strong>Fairbanks International Airport </strong></a>,"6450 Airport Way, Fairbanks, 99709",39,Pfizer
7/16,<a href='https://www.alaska.covidsecureapp.com/vaccine-appointments.html' target='_blank'><strong>Juneau International Airport </strong></a>,"1873 Shell Simmons Dr, Juneau, 99801",42,Pfizer Johnson & Johnson
7/16,<a href='https://www.alaska.covidsecureapp.com/vaccine-appointments.html' target='_blank'><strong>Ted Stevens International Airport </strong></a>,"5000 W International Airport Rd, Anchorage, 99502",271,Pfizer Moderna Johnson & Johnson
7/17,<a href='https://www.alaska.covidsecureapp.com/vaccine-appointments.html' target='_blank'><strong>Juneau International Airport </strong></a>,"1873 Shell Simmons Dr, Juneau, 99801",44,Pfizer Johnson & Johnson
7/17,<a href='https://www.alaska.covidsecureapp.com/vaccine-appointments.html' target='_blank'><strong>Ted Stevens International Airport </strong></a>,"5000 W International Airport Rd, Anchorage, 99502",271,Pfizer Moderna Johnson & Johnson
7/17,<a href='https://www.alaska.covidsecureapp.com/vaccine-appointments.html' target='_blank'><strong>Fairbanks International Airport </strong></a>,"6450 Airport Way, Fairbanks, 99709",49,Pfizer
7/18,<a href='https://www.alaska.covidsecureapp.com/vaccine-appointments.html' target='_blank'><strong>Juneau International Airport </strong></a>,"1873 Shell Simmons Dr, Juneau, 99801",45,Pfizer Johnson & Johnson
7/18,<a href='https://www.alaska.covidsecureapp.com/vaccine-appointments.html' target='_blank'><strong>Fairbanks International Airport </strong></a>,"6450 Airport Way, Fairbanks, 99709",40,Pfizer
7/19,<a href='https://www.alaska.covidsecureapp.com/vaccine-appointments.html' target='_blank'><strong>Juneau International Airport </strong></a>,"1873 Shell Simmons Dr, Juneau, 99801",44,Pfizer Johnson & Johnson
7/19,<a href='https://www.alaska.covidsecureapp.com/vaccine-appointments.html' target='_blank'><strong>Fairbanks International Airport </strong></a>,"6450 Airport Way, Fairbanks, 99709",40,Pfizer
7/20,<a href='https://www.alaska.covidsecureapp.com/vaccine-appointments.html' target='_blank'><strong>Juneau International Airport </strong></a>,"1873 Shell Simmons Dr, Juneau, 99801",45,Pfizer Johnson & Johnson
7/20,<a href='https://www.alaska.covidsecureapp.com/vaccine-appointments.html' target='_blank'><strong>Fairbanks International Airport </strong></a>,"6450 Airport Way, Fairbanks, 99709",40,Pfizer
7/21,<a href='https://www.alaska.covidsecureapp.com/vaccine-appointments.html' target='_blank'><strong>Juneau International Airport </strong></a>,"1873 Shell Simmons Dr, Juneau, 99801",45,Pfizer Johnson & Johnson
7/21,<a href='https://www.alaska.covidsecureapp.com/vaccine-appointments.html' target='_blank'><strong>Fairbanks International Airport </strong></a>,"6450 Airport Way, Fairbanks, 99709",40,Pfizer
7/22,<a href='https://www.alaska.covidsecureapp.com/vaccine-appointments.html' target='_blank'><strong>Juneau International Airport </strong></a>,"1873 Shell Simmons Dr, Juneau, 99801",45,Pfizer Johnson & Johnson
7/22,<a href='https://www.alaska.covidsecureapp.com/vaccine-appointments.html' target='_blank'><strong>Fairbanks International Airport </strong></a>,"6450 Airport Way, Fairbanks, 99709",40,Pfizer
7/23,<a href='https://www.alaska.covidsecureapp.com/vaccine-appointments.html' target='_blank'><strong>Juneau International Airport </strong></a>,"1873 Shell Simmons Dr, Juneau, 99801",45,Pfizer Johnson & Johnson
7/23,<a href='https://www.alaska.covidsecureapp.com/vaccine-appointments.html' target='_blank'><strong>Fairbanks International Airport </strong></a>,"6450 Airport Way, Fairbanks, 99709",40,Pfizer
7/24,<a href='https://www.alaska.covidsecureapp.com/vaccine-appointments.html' target='_blank'><strong>Fairbanks International Airport </strong></a>,"6450 Airport Way, Fairbanks, 99709",40,Pfizer
7/24,<a href='https://www.alaska.covidsecureapp.com/vaccine-appointments.html' target='_blank'><strong>Juneau International Airport </strong></a>,"1873 Shell Simmons Dr, Juneau, 99801",45,Pfizer Johnson & Johnson
7/25,<a href='https://www.alaska.covidsecureapp.com/vaccine-appointments.html' target='_blank'><strong>Fairbanks International Airport </strong></a>,"6450 Airport Way, Fairbanks, 99709",40,Pfizer
7/25,<a href='https://www.alaska.covidsecureapp.com/vaccine-appointments.html' target='_blank'><strong>Juneau International Airport </strong></a>,"1873 Shell Simmons Dr, Juneau, 99801",45,Pfizer Johnson & Johnson
7/26,<a href='https://www.alaska.covidsecureapp.com/vaccine-appointments.html' target='_blank'><strong>Juneau International Airport </strong></a>,"1873 Shell Simmons Dr, Juneau, 99801",45,Pfizer Johnson & Johnson
7/26,<a href='https://www.alaska.covidsecureapp.com/vaccine-appointments.html' target='_blank'><strong>Fairbanks International Airport </strong></a>,"6450 Airport Way, Fairbanks, 99709",40,Pfizer
7/27,<a href='https://www.alaska.covidsecureapp.com/vaccine-appointments.html' target='_blank'><strong>Juneau International Airport </strong></a>,"1873 Shell Simmons Dr, Juneau, 99801",45,Pfizer Johnson & Johnson
7/27,<a href='https://www.alaska.covidsecureapp.com/vaccine-appointments.html' target='_blank'><strong>Fairbanks International Airport </strong></a>,"6450 Airport Way, Fairbanks, 99709",40,Pfizer
7/28,<a href='https://www.alaska.covidsecureapp.com/vaccine-appointments.html' target='_blank'><strong>Juneau International Airport </strong></a>,"1873 Shell Simmons Dr, Juneau, 99801",45,Pfizer Johnson & Johnson
7/28,<a href='https://www.alaska.covidsecureapp.com/vaccine-appointments.html' target='_blank'><strong>Fairbanks International Airport </strong></a>,"6450 Airport Way, Fairbanks, 99709",40,Pfizer
7/29,<a href='https://www.alaska.covidsecureapp.com/vaccine-appointments.html' target='_blank'><strong>Juneau International Airport </strong></a>,"1873 Shell Simmons Dr, Juneau, 99801",45,Pfizer Johnson & Johnson
7/29,<a href='https://www.alaska.covidsecureapp.com/vaccine-appointments.html' target='_blank'><strong>Fairbanks International Airport </strong></a>,"6450 Airport Way, Fairbanks, 99709",40,Pfizer
7/30,<a href='https://www.alaska.covidsecureapp.com/vaccine-appointments.html' target='_blank'><strong>Juneau International Airport </strong></a>,"1873 Shell Simmons Dr, Juneau, 99801",45,Pfizer Johnson & Johnson
7/30,<a href='https://www.alaska.covidsecureapp.com/vaccine-appointments.html' target='_blank'><strong>Fairbanks International Airport </strong></a>,"6450 Airport Way, Fairbanks, 99709",40,Pfizer
7/31,<a href='https://www.alaska.covidsecureapp.com/vaccine-appointments.html' target='_blank'><strong>Juneau International Airport </strong></a>,"1873 Shell Simmons Dr, Juneau, 99801",44,Pfizer Johnson & Johnson
7/31,<a href='https://www.alaska.covidsecureapp.com/vaccine-appointments.html' target='_blank'><strong>Fairbanks International Airport </strong></a>,"6450 Airport Way, Fairbanks, 99709",39,Pfizer
8/01,<a href='https://www.alaska.covidsecureapp.com/vaccine-appointments.html' target='_blank'><strong>Juneau International Airport </strong></a>,"1873 Shell Simmons Dr, Juneau, 99801",45,Pfizer Johnson & Johnson
8/01,<a href='https://www.alaska.covidsecureapp.com/vaccine-appointments.html' target='_blank'><strong>Fairbanks International Airport </strong></a>,"6450 Airport Way, Fairbanks, 99709",40,Pfizer
8/02,<a href='https://www.alaska.covidsecureapp.com/vaccine-appointments.html' target='_blank'><strong>Juneau International Airport </strong></a>,"1873 Shell Simmons Dr, Juneau, 99801",44,Pfizer Johnson & Johnson
8/02,<a href='https://www.alaska.covidsecureapp.com/vaccine-appointments.html' target='_blank'><strong>Fairbanks International Airport </strong></a>,"6450 Airport Way, Fairbanks, 99709",40,Pfizer
8/03,<a href='https://www.alaska.covidsecureapp.com/vaccine-appointments.html' target='_blank'><strong>Juneau International Airport </strong></a>,"1873 Shell Simmons Dr, Juneau, 99801",44,Pfizer Johnson & Johnson
8/03,<a href='https://www.alaska.covidsecureapp.com/vaccine-appointments.html' target='_blank'><strong>Fairbanks International Airport </strong></a>,"6450 Airport Way, Fairbanks, 99709",40,Pfizer
8/04,<a href='https://www.alaska.covidsecureapp.com/vaccine-appointments.html' target='_blank'><strong>Juneau International Airport </strong></a>,"1873 Shell Simmons Dr, Juneau, 99801",45,Pfizer Johnson & Johnson
8/04,<a href='https://www.alaska.covidsecureapp.com/vaccine-appointments.html' target='_blank'><strong>Fairbanks International Airport </strong></a>,"6450 Airport Way, Fairbanks, 99709",40,Pfizer
8/05,<a href='https://www.alaska.covidsecureapp.com/vaccine-appointments.html' target='_blank'><strong>Juneau International Airport </strong></a>,"1873 Shell Simmons Dr, Juneau, 99801",45,Pfizer Johnson & Johnson
8/05,<a href='https://www.alaska.covidsecureapp.com/vaccine-appointments.html' target='_blank'><strong>Fairbanks International Airport </strong></a>,"6450 Airport Way, Fairbanks, 99709",40,Pfizer
8/06,<a href='https://www.alaska.covidsecureapp.com/vaccine-appointments.html' target='_blank'><strong>Juneau International Airport </strong></a>,"1873 Shell Simmons Dr, Juneau, 99801",45,Pfizer Johnson & Johnson
8/06,<a href='https://www.alaska.covidsecureapp.com/vaccine-appointments.html' target='_blank'><strong>Fairbanks International Airport </strong></a>,"6450 Airport Way, Fairbanks, 99709",40,Pfizer
8/07,<a href='https://www.alaska.covidsecureapp.com/vaccine-appointments.html' target='_blank'><strong>Juneau International Airport </strong></a>,"1873 Shell Simmons Dr, Juneau, 99801",44,Pfizer Johnson & Johnson
8/07,<a href='https://www.alaska.covidsecureapp.com/vaccine-appointments.html' target='_blank'><strong>Fairbanks International Airport </strong></a>,"6450 Airport Way, Fairbanks, 99709",40,Pfizer
8/08,<a href='https://www.alaska.covidsecureapp.com/vaccine-appointments.html' target='_blank'><strong>Juneau International Airport </strong></a>,"1873 Shell Simmons Dr, Juneau, 99801",45,Pfizer Johnson & Johnson
8/08,<a href='https://www.alaska.covidsecureapp.com/vaccine-appointments.html' target='_blank'><strong>Fairbanks International Airport </strong></a>,"6450 Airport Way, Fairbanks, 99709",40,Pfizer
8/09,<a href='https://www.alaska.covidsecureapp.com/vaccine-appointments.html' target='_blank'><strong>Juneau International Airport </strong></a>,"1873 Shell Simmons Dr, Juneau, 99801",45,Pfizer Johnson & Johnson
8/09,<a href='https://www.alaska.covidsecureapp.com/vaccine-appointments.html' target='_blank'><strong>Fairbanks International Airport </strong></a>,"6450 Airport Way, Fairbanks, 99709",40,Pfizer
8/10,<a href='https://www.alaska.covidsecureapp.com/vaccine-appointments.html' target='_blank'><strong>Juneau International Airport </strong></a>,"1873 Shell Simmons Dr, Juneau, 99801",45,Pfizer Johnson & Johnson
8/10,<a href='https://www.alaska.covidsecureapp.com/vaccine-appointments.html' target='_blank'><strong>Fairbanks International Airport </strong></a>,"6450 Airport Way, Fairbanks, 99709",40,Pfizer
8/11,<a href='https://www.alaska.covidsecureapp.com/vaccine-appointments.html' target='_blank'><strong>Juneau International Airport </strong></a>,"1873 Shell Simmons Dr, Juneau, 99801",45,Pfizer Johnson & Johnson
8/11,<a href='https://www.alaska.covidsecureapp.com/vaccine-appointments.html' target='_blank'><strong>Fairbanks International Airport </strong></a>,"6450 Airport Way, Fairbanks, 99709",40,Pfizer
8/12,<a href='https://www.alaska.covidsecureapp.com/vaccine-appointments.html' target='_blank'><strong>Juneau International Airport </strong></a>,"1873 Shell Simmons Dr, Juneau, 99801",45,Pfizer Johnson & Johnson
8/12,<a href='https://www.alaska.covidsecureapp.com/vaccine-appointments.html' target='_blank'><strong>Fairbanks International Airport </strong></a>,"6450 Airport Way, Fairbanks, 99709",40,Pfizer
8/13,<a href='https://www.alaska.covidsecureapp.com/vaccine-appointments.html' target='_blank'><strong>Juneau International Airport </strong></a>,"1873 Shell Simmons Dr, Juneau, 99801",44,Pfizer Johnson & Johnson
8/13,<a href='https://www.alaska.covidsecureapp.com/vaccine-appointments.html' target='_blank'><strong>Fairbanks International Airport </strong></a>,"6450 Airport Way, Fairbanks, 99709",40,Pfizer
8/14,<a href='https://www.alaska.covidsecureapp.com/vaccine-appointments.html' target='_blank'><strong>Juneau International Airport </strong></a>,"1873 Shell Simmons Dr, Juneau, 99801",45,Pfizer Johnson & Johnson
8/14,<a href='https://www.alaska.covidsecureapp.com/vaccine-appointments.html' target='_blank'><strong>Fairbanks International Airport </strong></a>,"6450 Airport Way, Fairbanks, 99709",40,Pfizer
8/15,<a href='https://www.alaska.covidsecureapp.com/vaccine-appointments.html' target='_blank'><strong>Juneau International Airport </strong></a>,"1873 Shell Simmons Dr, Juneau, 99801",45,Pfizer Johnson & Johnson
8/15,<a href='https://www.alaska.covidsecureapp.com/vaccine-appointments.html' target='_blank'><strong>Fairbanks International Airport </strong></a>,"6450 Airport Way, Fairbanks, 99709",40,Pfizer
8/16,<a href='https://www.alaska.covidsecureapp.com/vaccine-appointments.html' target='_blank'><strong>Juneau International Airport </strong></a>,"1873 Shell Simmons Dr, Juneau, 99801",45,Pfizer Johnson & Johnson
8/17,<a href='https://www.alaska.covidsecureapp.com/vaccine-appointments.html' target='_blank'><strong>Juneau International Airport </strong></a>,"1873 Shell Simmons Dr, Juneau, 99801",45,Pfizer Johnson & Johnson
8/18,<a href='https://www.alaska.covidsecureapp.com/vaccine-appointments.html' target='_blank'><strong>Juneau International Airport </strong></a>,"1873 Shell Simmons Dr, Juneau, 99801",45,Pfizer Johnson & Johnson
8/19,<a href='https://www.alaska.covidsecureapp.com/vaccine-appointments.html' target='_blank'><strong>Juneau International Airport </strong></a>,"1873 Shell Simmons Dr, Juneau, 99801",45,Pfizer Johnson & Johnson
8/20,<a href='https://www.alaska.covidsecureapp.com/vaccine-appointments.html' target='_blank'><strong>Juneau International Airport </strong></a>,"1873 Shell Simmons Dr, Juneau, 99801",45,Pfizer Johnson & Johnson
8/21,<a href='https://www.alaska.covidsecureapp.com/vaccine-appointments.html' target='_blank'><strong>Juneau International Airport </strong></a>,"1873 Shell Simmons Dr, Juneau, 99801",45,Pfizer Johnson & Johnson
7/16,<a href='https://book-costcopharmacy.appointment-plus.com/d133yng2/' target='_blank'><strong>Costco Anchorage</strong></a>,"330 W Dimond Blvd, Anchorage 99515",12,Moderna Dose 1
7/19,<a href='https://book-costcopharmacy.appointment-plus.com/d133yng2/' target='_blank'><strong>Costco Anchorage</strong></a>,"330 W Dimond Blvd, Anchorage 99515",12,Moderna Dose 1
7/20,<a href='https://book-costcopharmacy.appointment-plus.com/d133yng2/' target='_blank'><strong>Costco Anchorage</strong></a>,"330 W Dimond Blvd, Anchorage 99515",12,Moderna Dose 1
7/21,<a href='https://book-costcopharmacy.appointment-plus.com/d133yng2/' target='_blank'><strong>Costco Anchorage</strong></a>,"330 W Dimond Blvd, Anchorage 99515",12,Moderna Dose 1
7/22,<a href='https://book-costcopharmacy.appointment-plus.com/d133yng2/' target='_blank'><strong>Costco Anchorage</strong></a>,"330 W Dimond Blvd, Anchorage 99515",12,Moderna Dose 1
7/16,<a href='https://www.walmart.com/cp/1228302' target='_blank'><strong>Walmart Anchorage Supercenter</strong></a>,"3101 A St, Anchorage 99503",1,Moderna
7/16,<a href='https://www.walmart.com/cp/1228302' target='_blank'><strong>Walmart Anchorage Supercenter</strong></a>,"7405 Debarr Road, Anchorage 99504",1,Moderna
7/16,<a href='https://www.walmart.com/cp/1228302' target='_blank'><strong>Walmart Anchorage Supercenter</strong></a>,"8900 Old Seward Hwy, Anchorage 99515",1,"Moderna, Johnson & Johnson"
7/16,<a href='https://www.walmart.com/cp/1228302' target='_blank'><strong>Walmart Eagle River Supercenter</strong></a>,"18600 Eagle River Rd, Eagle River 99577",1,Moderna
7/19,<a href='https://book-costcopharmacy.appointment-plus.com/d133yng2/' target='_blank'><strong>Costco Fairbanks</strong></a>,"48 College Rd, Fairbanks 99701",22,"Johnson & Johnson,Moderna Dose 1"
7/20,<a href='https://book-costcopharmacy.appointment-plus.com/d133yng2/' target='_blank'><strong>Costco Fairbanks</strong></a>,"48 College Rd, Fairbanks 99701",19,"Johnson & Johnson,Moderna Dose 1"
7/21,<a href='https://book-costcopharmacy.appointment-plus.com/d133yng2/' target='_blank'><strong>Costco Fairbanks</strong></a>,"48 College Rd, Fairbanks 99701",21,"Moderna Dose 1,Johnson & Johnson"
7/22,<a href='https://book-costcopharmacy.appointment-plus.com/d133yng2/' target='_blank'><strong>Costco Fairbanks</strong></a>,"48 College Rd, Fairbanks 99701",22,"Johnson & Johnson,Moderna Dose 1"
7/23,<a href='https://book-costcopharmacy.appointment-plus.com/d133yng2/' target='_blank'><strong>Costco Fairbanks</strong></a>,"48 College Rd, Fairbanks 99701",22,"Johnson & Johnson,Moderna Dose 1"
7/16,<a href='https://www.walmart.com/cp/1228302' target='_blank'><strong>Walmart Fairbanks Supercenter</strong></a>,"537 Johansen Expy, Fairbanks 99701",1,Moderna
7/16,<a href='https://book-costcopharmacy.appointment-plus.com/d133yng2/' target='_blank'><strong>Costco Juneau</strong></a>,"5225 Commercial Blvd, Juneau 99801",22,"Johnson & Johnson,Moderna Dose 1"
7/19,<a href='https://book-costcopharmacy.appointment-plus.com/d133yng2/' target='_blank'><strong>Costco Juneau</strong></a>,"5225 Commercial Blvd, Juneau 99801",22,"Johnson & Johnson,Moderna Dose 1"
7/20,<a href='https://book-costcopharmacy.appointment-plus.com/d133yng2/' target='_blank'><strong>Costco Juneau</strong></a>,"5225 Commercial Blvd, Juneau 99801",22,"Johnson & Johnson,Moderna Dose 1"
7/21,<a href='https://book-costcopharmacy.appointment-plus.com/d133yng2/' target='_blank'><strong>Costco Juneau</strong></a>,"5225 Commercial Blvd, Juneau 99801",22,"Johnson & Johnson,Moderna Dose 1"
7/22,<a href='https://book-costcopharmacy.appointment-plus.com/d133yng2/' target='_blank'><strong>Costco Juneau</strong></a>,"5225 Commercial Blvd, Juneau 99801",22,"Johnson & Johnson,Moderna Dose 1"
7/16,<a href='https://www.walmart.com/cp/1228302' target='_blank'><strong>Walmart Kenai Supercenter</strong></a>,"10096 Kenai Spur Hwy, Kenai 99611",1,Moderna
7/16,<a href='https://www.walmart.com/cp/1228302' target='_blank'><strong>Walmart Ketchikan Store</strong></a>,"4230 Don King Rd, Ketchikan 99901",1,Moderna
7/16,<a href='https://www.walmart.com/cp/1228302' target='_blank'><strong>Walmart Kodiak Store</strong></a>,"2911 Mill Bay Rd, Kodiak 99615",1,Moderna
7/16,<a href='https://book-costcopharmacy.appointment-plus.com/d133yng2/' target='_blank'><strong>Costco NE Anchorage</strong></a>,"4125 Debarr Rd, Anchorage 99508",21,"Johnson & Johnson,Moderna Dose 1"
7/19,<a href='https://book-costcopharmacy.appointment-plus.com/d133yng2/' target='_blank'><strong>Costco NE Anchorage</strong></a>,"4125 Debarr Rd, Anchorage 99508",21,"Johnson & Johnson,Moderna Dose 1"
7/20,<a href='https://book-costcopharmacy.appointment-plus.com/d133yng2/' target='_blank'><strong>Costco NE Anchorage</strong></a>,"4125 Debarr Rd, Anchorage 99508",22,"Johnson & Johnson,Moderna Dose 1"
7/21,<a href='https://book-costcopharmacy.appointment-plus.com/d133yng2/' target='_blank'><strong>Costco NE Anchorage</strong></a>,"4125 Debarr Rd, Anchorage 99508",22,"Johnson & Johnson,Moderna Dose 1"
7/22,<a href='https://book-costcopharmacy.appointment-plus.com/d133yng2/' target='_blank'><strong>Costco NE Anchorage</strong></a>,"4125 Debarr Rd, Anchorage 99508",22,"Johnson & Johnson,Moderna Dose 1"
7/15,<a href='https://www.walgreens.com/findcare/vaccination/covid-19' target='_blank'><strong>Walgreens Drug Store</strong></a>,"530 Old Steese Hwy, Fairbanks 99701",6,Pfizer-BioNtech
7/16,<a href='https://www.walgreens.com/findcare/vaccination/covid-19' target='_blank'><strong>Walgreens Drug Store</strong></a>,"530 Old Steese Hwy, Fairbanks 99701",18,Pfizer-BioNtech
7/17,<a href='https://www.walgreens.com/findcare/vaccination/covid-19' target='_blank'><strong>Walgreens Drug Store</strong></a>,"530 Old Steese Hwy, Fairbanks 99701",21,Pfizer-BioNtech
7/18,<a href='https://www.walgreens.com/findcare/vaccination/covid-19' target='_blank'><strong>Walgreens Drug Store</strong></a>,"530 Old Steese Hwy, Fairbanks 99701",21,Pfizer-BioNtech
7/19,<a href='https://www.walgreens.com/findcare/vaccination/covid-19' target='_blank'><strong>Walgreens Drug Store</strong></a>,"530 Old Steese Hwy, Fairbanks 99701",28,Pfizer-BioNtech
7/20,<a href='https://www.walgreens.com/findcare/vaccination/covid-19' target='_blank'><strong>Walgreens Drug Store</strong></a>,"530 Old Steese Hwy, Fairbanks 99701",28,Pfizer-BioNtech
7/21,<a href='https://www.walgreens.com/findcare/vaccination/covid-19' target='_blank'><strong>Walgreens Drug Store</strong></a>,"530 Old Steese Hwy, Fairbanks 99701",28,Pfizer-BioNtech
7/22,<a href='https://www.walgreens.com/findcare/vaccination/covid-19' target='_blank'><strong>Walgreens Drug Store</strong></a>,"530 Old Steese Hwy, Fairbanks 99701",27,Pfizer-BioNtech
7/23,<a href='https://www.walgreens.com/findcare/vaccination/covid-19' target='_blank'><strong>Walgreens Drug Store</strong></a>,"530 Old Steese Hwy, Fairbanks 99701",33,Pfizer-BioNtech
7/24,<a href='https://www.walgreens.com/findcare/vaccination/covid-19' target='_blank'><strong>Walgreens Drug Store</strong></a>,"530 Old Steese Hwy, Fairbanks 99701",26,Pfizer-BioNtech
7/25,<a href='https://www.walgreens.com/findcare/vaccination/covid-19' target='_blank'><strong>Walgreens Drug Store</strong></a>,"530 Old Steese Hwy, Fairbanks 99701",24,Pfizer-BioNtech
7/26,<a href='https://www.walgreens.com/findcare/vaccination/covid-19' target='_blank'><strong>Walgreens Drug Store</strong></a>,"530 Old Steese Hwy, Fairbanks 99701",29,Pfizer-BioNtech
7/27,<a href='https://www.walgreens.com/findcare/vaccination/covid-19' target='_blank'><strong>Walgreens Drug Store</strong></a>,"530 Old Steese Hwy, Fairbanks 99701",31,Pfizer-BioNtech
7/28,<a href='https://www.walgreens.com/findcare/vaccination/covid-19' target='_blank'><strong>Walgreens Drug Store</strong></a>,"530 Old Steese Hwy, Fairbanks 99701",33,Pfizer-BioNtech
7/29,<a href='https://www.walgreens.com/findcare/vaccination/covid-19' target='_blank'><strong>Walgreens Drug Store</strong></a>,"530 Old Steese Hwy, Fairbanks 99701",37,Pfizer-BioNtech
7/16,<a href='https://www.walmart.com/cp/1228302' target='_blank'><strong>Walmart Wasilla Supercenter</strong></a>,"1350 S Seward Meridian Pkwy, Wasilla 99654",1,Moderna
